match,week,team,opponent,Created,Point,Player,In own endzone?,In opponent's endzone?,Stall out?,Callahan?,Location X (0 -> 1 = left sideline -> right sideline),Location Y (0 -> 1 = back of opponent endzone -> back of own endzone)
ATL @ ATX,Week 1,ATL,ATX,2024-04-10 01:22:21,1,18 Naomi Anderson,0,0,0,0,0.16113417,0.7556853
ATL @ ATX,Week 1,ATL,ATX,2024-04-10 01:39:50,4,10 Mia Griner,0,0,0,0,0.12793915,0.44837123
ATL @ ATX,Week 1,ATL,ATX,2024-04-10 01:47:40,5,05 Megan Jarriel,0,0,0,0,0.511065,0.6899201
ATL @ ATX,Week 1,ATL,ATX,2024-04-10 01:54:39,6,18 Naomi Anderson,1,0,0,0,0.730982,0.88045484
ATL @ ATX,Week 1,ATL,ATX,2024-04-10 02:14:02,8,31 María Vargas,0,0,0,0,0.49031812,0.6462815
ATL @ ATX,Week 1,ATL,ATX,2024-04-10 02:45:17,13,72 Annalise Paul,0,0,0,0,0.7738589,0.6235403
ATL @ ATX,Week 1,ATL,ATX,2024-04-10 02:45:44,13,72 Annalise Paul,0,0,0,0,0.59820193,0.69483715
ATL @ ATX,Week 1,ATL,ATX,2024-04-10 02:47:10,13,10 Mia Griner,0,0,0,0,0.60926694,0.6112477
ATL @ ATX,Week 1,ATL,ATX,2024-04-10 03:20:18,19,27 Therese Doebler,0,0,0,0,0.9038727,0.5669945
ATL @ ATX,Week 1,ATL,ATX,2024-04-10 03:46:35,27,20 Soju Hokari,0,0,0,0,0.86652833,0.6880762
ATL @ ATX,Week 1,ATX,ATL,2024-04-09 14:58:52,1,10 Gaby Cuina,0,0,0,0,0.85684645,0.7065151
ATL @ ATX,Week 1,ATX,ATL,2024-04-09 19:59:52,7,12 Annie Ortiz,0,0,0,0,0.5871369,0.48832208
ATL @ ATX,Week 1,ATX,ATL,2024-04-09 20:12:44,8,22 Sydney Loughran,0,0,0,0,0.69640386,0.6364474
ATL @ ATX,Week 1,ATX,ATL,2024-04-09 20:41:02,11,19 Vanessa Bacorn,0,0,0,0,0.6023513,0.79809463
ATL @ ATX,Week 1,ATX,ATL,2024-04-09 21:12:09,13,69 Jaime Estes,0,0,0,0,0.30774552,0.42194223
ATL @ ATX,Week 1,ATX,ATL,2024-04-09 21:13:23,13,02 Elise Bjork,0,0,0,0,0.51798064,0.6591887
ATL @ ATX,Week 1,ATX,ATL,2024-04-09 21:45:32,15,95 Megan Mendieta,0,0,0,0,0.8167358,0.6929932
ATL @ ATX,Week 1,ATX,ATL,2024-04-09 21:52:40,15,31 Nikki Gilbert,0,0,0,0,0.4515906,0.76060236
ATL @ ATX,Week 1,ATX,ATL,2024-04-09 21:55:54,16,10 Gaby Cuina,0,0,0,0,0.5013831,0.45574677
ATL @ ATX,Week 1,ATX,ATL,2024-04-09 22:34:16,26,71 Wren Vogel,0,0,0,0,0.5746888,0.7052858
ATL @ ATX,Week 1,ATX,ATL,2024-04-09 22:37:15,26,31 Nikki Gilbert,0,0,0,0,0.19156294,0.23202212
ATL @ ATX,Week 1,ATX,ATL,2024-04-09 22:38:48,27,27 Jocelyn Jessop,0,0,0,0,0.22337483,0.8183774
DC @ RAL,Week 1,DC,RAL,4/6/24 17:48,2,22 Erin McCann,0,0,0,0,0.24861106,0.71234566
DC @ RAL,Week 1,DC,RAL,4/6/24 17:59,4,24 Jamie Eriksson,1,0,0,0,0.64861107,0.8993827
DC @ RAL,Week 1,DC,RAL,4/6/24 18:09,5,16 Margaret Walker,0,0,0,0,0.84583336,0.7407408
DC @ RAL,Week 1,DC,RAL,4/6/24 18:35,7,05 Marie Perivier,0,0,0,0,0.6625,0.71358025
DC @ RAL,Week 1,DC,RAL,4/6/24 18:45,8,00 Emma Jones,0,0,0,0,0.7847222,0.5395062
DC @ RAL,Week 1,DC,RAL,4/6/24 18:45,8,07 Kami Groom,0,1,0,1,0.62638885,0.08024691
DC @ RAL,Week 1,DC,RAL,4/6/24 18:57,11,09 Annalise Peters,0,0,0,0,0.23472227,0.6388889
DC @ RAL,Week 1,DC,RAL,4/6/24 19:32,15,01 Ashleigh Jentilet,0,0,0,0,0.52361107,0.7796296
DC @ RAL,Week 1,DC,RAL,4/6/24 21:39,16,15 Florence Brooks,1,0,0,0,0.8402778,0.9327161
DC @ RAL,Week 1,DC,RAL,4/6/24 21:46,17,22 Erin McCann,0,0,0,0,0.15,0.46358025
DC @ RAL,Week 1,DC,RAL,4/6/24 22:16,24,07 Kami Groom,0,0,0,0,0.72083336,0.6623457
DC @ RAL,Week 1,DC,RAL,4/6/24 22:22,25,05 Marie Perivier,0,0,0,0,0.2625,0.71358025
DC @ RAL,Week 1,RAL,DC,2024-04-07 18:35:26,5,02 Claire Bidigaire-Curtis,0,0,0,0,0.006289308,0.26029527
DC @ RAL,Week 1,RAL,DC,2024-04-07 19:08:01,7,13 Tyler Smith,0,0,0,0,0.2725367,0.6938617
DC @ RAL,Week 1,RAL,DC,2024-04-07 19:11:32,7,13 Tyler Smith,0,0,0,0,0.1341719,0.4957265
DC @ RAL,Week 1,RAL,DC,2024-04-07 19:15:04,8,12 Katie Backus Meilstrup,0,0,0,0,0.9979036,0.7241647
DC @ RAL,Week 1,RAL,DC,2024-04-07 19:16:58,8,27 Mary Rippe,0,0,0,0,0.8218029,0.57420355
DC @ RAL,Week 1,RAL,DC,2024-04-07 19:23:36,10,90 Qxhna Titcomb,0,0,0,0,0.30607966,0.32789433
DC @ RAL,Week 1,RAL,DC,2024-04-07 19:26:03,10,90 Qxhna Titcomb,0,0,0,0,0.36268345,0.28282827
DC @ RAL,Week 1,RAL,DC,2024-04-07 19:29:46,11,02 Claire Bidigaire-Curtis,1,0,0,0,0.6771488,0.85159284
DC @ RAL,Week 1,RAL,DC,2024-04-07 19:30:48,11,45 Caitlin Gross,0,0,0,0,0.30398324,0.63714063
DC @ RAL,Week 1,RAL,DC,2024-04-07 20:57:06,12,18 Sarah McKee,1,0,0,0,0.6981132,0.84537685
DC @ RAL,Week 1,RAL,DC,2024-04-07 20:59:19,12,01 Lindsay Soo,0,0,0,0,0.2557652,0.6130536
DC @ RAL,Week 1,RAL,DC,2024-04-07 21:03:00,12,17 Emily Przykucki,0,0,0,0,0.115303986,0.5089355
DC @ RAL,Week 1,RAL,DC,2024-04-07 21:17:02,15,01 Lindsay Soo,1,0,0,0,0.7023061,0.85470086
DC @ RAL,Week 1,RAL,DC,2024-04-07 21:19:58,15,14 Sarah Spall,0,0,0,0,0.7484277,0.72804976
DC @ RAL,Week 1,RAL,DC,2024-04-14 18:45:13,16,16 Tania Proksch,0,0,0,0,0.2683438,0.5928516
DC @ RAL,Week 1,RAL,DC,2024-04-14 18:55:31,20,02 Claire Bidigaire-Curtis,0,0,0,0,0.062893085,0.67132866
NASH @ INDY,Week 1,INDY,NASH,2024-04-07 13:01:23,1,24 Abby Swensen,0,0,0,0,0.106944405,0.46666664
NASH @ INDY,Week 1,INDY,NASH,2024-04-07 13:03:12,1,04 Rachel Mast,0,0,0,0,0.6930555,0.3030864
NASH @ INDY,Week 1,INDY,NASH,2024-04-07 13:44:51,11,16 Riely Kuznicki,0,0,0,0,0.60833335,0.56419754
NASH @ INDY,Week 1,INDY,NASH,2024-04-07 14:07:18,14,16 Riely Kuznicki,1,0,0,0,0.4055556,0.88024694
NASH @ INDY,Week 1,INDY,NASH,2024-04-07 14:11:01,15,66 Mya Hernandez,0,0,0,0,0.13611107,0.595679
NASH @ INDY,Week 1,INDY,NASH,2024-04-07 19:19:37,20,18 Laura Gerencser,1,0,0,0,0.16666667,0.9006173
NASH @ INDY,Week 1,INDY,NASH,2024-04-07 19:21:00,20,34 Lauren Kitten,0,0,0,0,0.6458333,0.23641975
NASH @ INDY,Week 1,INDY,NASH,2024-04-07 22:17:51,23,16 Riely Kuznicki,0,0,0,0,0.82916665,0.51790124
NASH @ INDY,Week 1,INDY,NASH,2024-04-07 22:18:50,23,33 Jalyn Baumgartner,0,0,0,0,0.72638893,0.82469136
NASH @ INDY,Week 1,INDY,NASH,2024-04-07 22:24:52,25,59 Maple Adkins-Threats,0,0,0,0,0.5708333,0.45679012
NASH @ INDY,Week 1,INDY,NASH,2024-04-07 22:29:50,26,20 Shirley Saunders,0,0,0,0,0.2375,0.77037036
NASH @ INDY,Week 1,INDY,NASH,2024-04-07 22:34:37,28,23 Lili Hobday,0,0,0,0,0.6333333,0.56790125
NASH @ INDY,Week 1,INDY,NASH,2024-04-07 22:36:49,28,14 Briana Burriss,0,0,0,0,0.25,0.45679012
NASH @ INDY,Week 1,NASH,INDY,2024-04-08 12:16:35,6,11 Jamie Ferrie,0,0,0,0,0.5847222,0.39382714
NASH @ INDY,Week 1,NASH,INDY,2024-04-08 12:24:36,8,22 Rebecca Henley,0,0,0,0,0.20138887,0.4419753
NASH @ INDY,Week 1,NASH,INDY,2024-04-08 12:29:58,10,10 Tori Taylor,0,0,0,0,0.19027774,0.32716048
NASH @ INDY,Week 1,NASH,INDY,2024-04-08 12:35:42,11,08 Grace Robinson,0,0,0,0,0.6402778,0.44753087
NASH @ INDY,Week 1,NASH,INDY,2024-04-08 12:36:50,11,10 Tori Taylor,0,0,0,0,0.23888893,0.54691356
NASH @ INDY,Week 1,NASH,INDY,2024-04-08 12:53:45,15,21 Elena Rubino,0,0,0,0,0.041666668,0.7074074
NASH @ INDY,Week 1,NASH,INDY,2024-04-08 12:58:25,16,82 Mary Turner,0,0,0,0,0.22361107,0.6111111
NASH @ INDY,Week 1,NASH,INDY,2024-04-08 15:43:38,20,25 Nadine Rowen,0,0,0,0,0.24305554,0.32407406
NASH @ INDY,Week 1,NASH,INDY,2024-04-08 16:02:10,23,10 Tori Taylor,0,0,0,0,0.725,0.4617284
NASH @ INDY,Week 1,NASH,INDY,2024-04-08 16:03:26,23,22 Rebecca Henley,0,0,0,0,0.725,0.47777775
NASH @ INDY,Week 1,NASH,INDY,2024-04-08 16:22:22,28,10 Tori Taylor,0,0,0,0,0.079166666,0.62222224
MKE @ NY,Week 2,MKE,NY,2024-04-13 17:33:51,1,22 Alex Ballinger,0,0,0,0,0.49166667,0.47222224
MKE @ NY,Week 2,MKE,NY,2024-04-13 17:39:28,1,12 Sydney French,0,0,0,0,0.20694447,0.6364198
MKE @ NY,Week 2,MKE,NY,2024-04-13 17:46:46,2,72 Jacqueline Jarik,0,0,0,0,0.2819444,0.7339506
MKE @ NY,Week 2,MKE,NY,2024-04-13 18:21:33,9,72 Jacqueline Jarik,0,0,0,0,0.15138893,0.6598765
MKE @ NY,Week 2,MKE,NY,2024-04-13 18:22:39,9,52 Erynn Schroeder,1,0,0,0,0.07083333,0.85123456
MKE @ NY,Week 2,MKE,NY,2024-04-13 18:32:32,10,05 Rose Glinka,0,0,0,0,0.15,0.5703704
MKE @ NY,Week 2,MKE,NY,2024-04-13 18:33:02,10,17 Caitlin Duffner,0,0,0,0,0.22638887,0.595679
MKE @ NY,Week 2,MKE,NY,2024-04-13 18:51:48,15,10 Chelsea Twohig,0,0,0,0,0.63611114,0.7166667
MKE @ NY,Week 2,MKE,NY,2024-04-13 18:53:02,15,22 Alex Ballinger,0,0,0,0,0.4777778,0.5277778
MKE @ NY,Week 2,MKE,NY,2024-04-13 19:00:59,17,17 Caitlin Duffner,0,0,0,0,0.6486111,0.8240741
MKE @ NY,Week 2,MKE,NY,2024-04-13 20:16:25,21,21 Annie Shriver,0,0,0,0,0.7055556,0.51481485
MKE @ NY,Week 2,MKE,NY,2024-04-13 20:20:52,22,99 Dana Demmert,1,0,0,0,0.7263889,0.8648148
MKE @ NY,Week 2,MKE,NY,2024-04-13 20:39:28,29,22 Alex Ballinger,0,0,0,0,0.8152778,0.4808642
MKE @ NY,Week 2,MKE,NY,2024-04-13 20:47:45,31,12 Sydney French,1,0,0,0,0.725,0.8660494
MKE @ NY,Week 2,MKE,NY,2024-04-13 20:52:57,33,32 Mickela Heilicher,1,0,0,0,0.6166667,0.89382714
MKE @ NY,Week 2,MKE,NY,2024-04-13 20:58:49,35,99 Dana Demmert,0,0,0,0,0.058333334,0.66358024
MKE @ NY,Week 2,NY,MKE,2024-04-15 18:23:11,1,33 Valeria Cardenas,1,0,0,0,0.2651852,0.91567856
MKE @ NY,Week 2,NY,MKE,2024-04-15 18:49:03,7,00 Genny De Jesus,0,0,0,0,0.47087377,0.49280578
MKE @ NY,Week 2,NY,MKE,2024-04-15 18:54:47,9,33 Valeria Cardenas,0,0,0,0,0.5372168,0.4848921
MKE @ NY,Week 2,NY,MKE,2024-04-15 19:21:56,9,02 Jolene Zheng,0,1,0,0,0.487055,0.08345324
MKE @ NY,Week 2,NY,MKE,2024-04-15 19:23:56,10,11 Emma Berrigan,0,0,0,0,0.58414245,0.2654676
MKE @ NY,Week 2,NY,MKE,2024-04-15 19:26:20,11,26 Mariabelen Restrepo,0,0,0,0,0.43365702,0.7201439
MKE @ NY,Week 2,NY,MKE,2024-04-15 19:32:29,12,31 Eli Presberg,0,0,0,0,0.1278317,0.5618705
MKE @ NY,Week 2,NY,MKE,2024-04-15 19:43:26,16,09 Cassandra Brown,0,0,0,0,0.52427185,0.7215828
MKE @ NY,Week 2,NY,MKE,2024-04-15 19:48:57,18,23 Linnea Soo,0,0,0,0,0.57281554,0.6374101
MKE @ NY,Week 2,NY,MKE,2024-04-15 19:57:34,22,31 Eli Presberg,1,0,0,0,0.5388349,0.89928055
MKE @ NY,Week 2,NY,MKE,2024-04-15 20:00:06,23,33 Valeria Cardenas,0,0,0,0,0.4223301,0.30431655
MKE @ NY,Week 2,NY,MKE,2024-04-15 20:17:54,31,18 Kylie Sterling,0,0,0,0,0.9142395,0.78129494
MKE @ NY,Week 2,NY,MKE,2024-04-15 20:27:04,34,20 Yina Cartagena,0,0,0,0,0.32362455,0.4410072
MKE @ NY,Week 2,NY,MKE,2024-04-15 20:30:03,34,24 Jolie Krebs,0,0,0,0,0.069579266,0.38848922
MKE @ NY,Week 2,NY,MKE,2024-04-15 20:31:38,35,24 Jolie Krebs,1,0,0,0,0.2669903,0.90863305
MKE @ NY,Week 2,NY,MKE,2024-04-15 20:41:16,39,96 Nina Finley,0,1,0,0,0.5469256,0.08633093
MKE @ PHL,Week 2,MKE,PHL,2024-04-16 21:03:37,1,52 Erynn Schroeder,1,0,0,0,0.1222222,0.8919753
MKE @ PHL,Week 2,MKE,PHL,2024-04-16 21:04:20,1,17 Caitlin Duffner,0,0,0,0,0.48333332,0.7845679
MKE @ PHL,Week 2,MKE,PHL,2024-04-16 21:07:29,2,27 Stef Bugasch,0,0,0,0,0.2930556,0.40370372
MKE @ PHL,Week 2,MKE,PHL,2024-04-16 21:10:44,2,52 Erynn Schroeder,0,0,0,0,0.53472227,0.24197531
MKE @ PHL,Week 2,MKE,PHL,2024-04-16 21:29:43,5,21 Annie Shriver,0,0,0,0,0.25972226,0.63024694
MKE @ PHL,Week 2,MKE,PHL,2024-04-16 22:04:38,11,72 Jacqueline Jarik,0,0,0,0,0.71666664,0.22592591
MKE @ PHL,Week 2,MKE,PHL,2024-04-16 22:17:56,15,22 Alex Ballinger,0,0,0,0,0.41527775,0.7067901
MKE @ PHL,Week 2,MKE,PHL,2024-04-16 22:22:20,16,21 Annie Shriver,0,0,0,0,0.6652778,0.4555556
MKE @ PHL,Week 2,MKE,PHL,2024-04-16 22:27:48,16,22 Alex Ballinger,0,0,0,0,0.26111114,0.7728395
MKE @ PHL,Week 2,MKE,PHL,2024-04-16 22:38:42,20,22 Alex Ballinger,0,0,0,0,0.3402778,0.50555557
MKE @ PHL,Week 2,MKE,PHL,2024-04-16 22:40:32,20,97 Eileen Bequette,0,0,0,0,0.31388894,0.27901235
MKE @ PHL,Week 2,PHL,MKE,2024-04-15 08:35:18,1,11 Sara Liang,0,0,0,0,0.9839255,0.19543464
MKE @ PHL,Week 2,PHL,MKE,2024-04-15 08:37:45,1,05 Lindsay McKenna,0,0,0,0,0.74873096,0.25484678
MKE @ PHL,Week 2,PHL,MKE,2024-04-15 08:45:19,2,08 Emma Soiles,1,0,0,0,0.67089677,0.88899314
MKE @ PHL,Week 2,PHL,MKE,2024-04-15 09:01:40,3,13 Kat Harper,0,0,0,0,0.8536379,0.4043152
MKE @ PHL,Week 2,PHL,MKE,2024-04-15 09:10:47,5,01 Emily Shields,0,0,0,0,0.30033842,0.32363978
MKE @ PHL,Week 2,PHL,MKE,2024-04-15 09:14:09,6,00 Emilie Mohler,0,0,0,0,0.3037225,0.5562852
MKE @ PHL,Week 2,PHL,MKE,2024-04-15 09:14:45,6,11 Sara Liang,0,0,0,0,0.4424704,0.29612258
MKE @ PHL,Week 2,PHL,MKE,2024-04-15 09:19:18,7,24 Casey Gorman,0,0,0,0,0.61167514,0.3492808
MKE @ PHL,Week 2,PHL,MKE,2024-04-15 09:20:21,7,04 Raha Mozaffari,0,0,0,0,0.8654822,0.32051283
MKE @ PHL,Week 2,PHL,MKE,2024-04-15 09:22:06,7,04 Raha Mozaffari,0,0,0,0,0.6996616,0.634459
MKE @ PHL,Week 2,PHL,MKE,2024-04-15 09:41:34,11,05 Lindsay McKenna,0,0,0,0,0.70812184,0.5963102
MKE @ PHL,Week 2,PHL,MKE,2024-04-15 09:51:26,13,24 Casey Gorman,0,0,0,0,0.7385787,0.7945591
MKE @ PHL,Week 2,PHL,MKE,2024-04-15 10:03:02,17,66 Jess Brand,0,0,0,0,0.83502537,0.5006254
MKE @ PHL,Week 2,PHL,MKE,2024-04-15 10:04:31,17,11 Sara Liang,0,0,0,0,0.13113368,0.44871795
MKE @ PHL,Week 2,PHL,MKE,2024-04-15 10:05:22,17,04 Raha Mozaffari,0,0,0,0,0.6404399,0.7157599
MKE @ PHL,Week 2,PHL,MKE,2024-04-15 10:25:29,17,11 Sara Liang,0,0,0,0,0.7639594,0.6300813
MKE @ PHL,Week 2,PHL,MKE,2024-04-15 10:26:26,17,13 Kat Harper,0,0,0,0,0.72165823,0.38805503
MKE @ PHL,Week 2,PHL,MKE,2024-04-15 10:27:29,17,15 Layne Dodge,0,0,0,0,0.57106596,0.6694809
MKE @ PHL,Week 2,PHL,MKE,2024-04-15 10:59:37,19,01 Emily Shields,1,0,0,0,0.17174281,0.9021263
MKE @ PHL,Week 2,PHL,MKE,2024-04-15 11:05:21,21,24 Casey Gorman,0,0,0,0,0.78087986,0.36053783
MKE @ PHL,Week 2,PHL,MKE,2024-04-15 11:11:55,23,20 Danielle Walsh,0,0,0,0,0.17174281,0.7995622
MKE @ PHL,Week 2,PHL,MKE,2024-04-15 11:13:59,23,23 Natalie Bova,1,0,0,0,0.6725888,0.8833646
MKE @ PHL,Week 2,PHL,MKE,2024-04-15 11:21:27,24,05 Lindsay McKenna,0,0,0,0,0.9145516,0.40494058
NASH @ DC,Week 2,DC,NASH,2024-04-14 10:23:36,3,15 Florence Brooks,0,0,0,0,0.8847223,0.4092593
NASH @ DC,Week 2,DC,NASH,2024-04-14 11:01:54,8,37 Claire Trop,0,0,0,0,0.3375,0.51358026
NASH @ DC,Week 2,DC,NASH,2024-04-14 11:10:24,9,26 Jessica Sourbeer,0,0,0,0,0.49583334,0.491358
NASH @ DC,Week 2,DC,NASH,2024-04-14 11:14:56,10,66 Jackie Wang,0,0,0,0,0.63611114,0.6067901
NASH @ DC,Week 2,DC,NASH,2024-04-14 11:23:43,12,26 Jessica Sourbeer,0,0,0,0,0.5180556,0.32592595
NASH @ DC,Week 2,DC,NASH,2024-04-14 11:36:52,14,23 Lisa Dang,0,0,0,0,0.3652778,0.52160496
NASH @ DC,Week 2,DC,NASH,2024-04-14 11:56:49,15,24 Jamie Eriksson,0,0,0,0,0.49583334,0.55493826
NASH @ DC,Week 2,DC,NASH,2024-04-14 11:59:26,16,37 Claire Trop,0,0,0,0,0.8625,0.48271605
NASH @ DC,Week 2,DC,NASH,2024-04-14 12:03:26,17,05 Marie Perivier,0,0,0,0,0.5027778,0.76913583
NASH @ DC,Week 2,DC,NASH,2024-04-14 12:09:55,18,24 Jamie Eriksson,0,0,0,0,0.21527773,0.5611111
NASH @ DC,Week 2,DC,NASH,2024-04-14 12:11:10,18,06 Laureen Johnson,0,0,0,0,0.53333336,0.5030864
NASH @ DC,Week 2,DC,NASH,2024-04-14 12:21:33,21,36 Carolyn Normile,0,0,0,0,0.39393944,0.6166565
NASH @ DC,Week 2,DC,NASH,2024-04-14 12:22:48,21,01 Ashleigh Jentilet,0,0,0,0,0.52916664,0.24320988
NASH @ DC,Week 2,DC,NASH,2024-04-14 12:36:36,22,07 Kami Groom,0,0,0,0,0.28888893,0.75864196
NASH @ DC,Week 2,DC,NASH,2024-04-14 12:37:54,22,13 Sami Smalling,0,0,0,0,0.76944447,0.30925927
NASH @ DC,Week 2,DC,NASH,2024-04-14 13:00:59,30,09 Annalise Peters,0,0,0,0,0.39722225,0.44135803
NASH @ DC,Week 2,DC,NASH,2024-04-14 13:04:11,31,66 Jackie Wang,0,0,0,0,0.6069444,0.75
NASH @ DC,Week 2,NASH,DC,2024-04-14 20:51:51,4,77 Melissa Gronske,0,0,0,0,0.27083334,0.60740745
NASH @ DC,Week 2,NASH,DC,2024-04-14 21:01:20,7,82 Mary Turner,0,0,0,0,0.41111106,0.8259259
NASH @ DC,Week 2,NASH,DC,2024-04-14 21:07:56,8,10 Tori Taylor,1,0,0,0,0.2569444,0.8598765
NASH @ DC,Week 2,NASH,DC,2024-04-14 21:19:47,10,10 Tori Taylor,0,0,0,0,0.31527773,0.27407405
NASH @ DC,Week 2,NASH,DC,2024-04-14 21:24:04,11,21 Elena Rubino,1,0,0,0,0.78888893,0.9228395
NASH @ DC,Week 2,NASH,DC,2024-04-14 23:02:20,17,10 Tori Taylor,0,0,0,0,0.20555553,0.8302469
NASH @ DC,Week 2,NASH,DC,2024-04-14 23:03:41,17,82 Mary Turner,0,0,0,0,0.73888886,0.8135803
NASH @ DC,Week 2,NASH,DC,2024-04-14 23:12:22,20,23 Breanna Snipes,0,0,0,0,0.6111111,0.4358025
NASH @ DC,Week 2,NASH,DC,2024-04-14 23:21:33,21,22 Rebecca Henley,0,0,0,0,0.69305557,0.6283951
NASH @ DC,Week 2,NASH,DC,2024-04-14 23:46:29,30,24 Mia Letterie,0,0,0,0,0.4819444,0.75
RAL @ ATL,Week 2,ATL,RAL,2024-04-16 16:00:13,9,31 María Vargas,1,0,0,0,0.6811895,0.86324525
RAL @ ATL,Week 2,ATL,RAL,2024-04-16 18:05:20,20,29 Charlotte Doran,0,0,0,0,0.8969571,0.8079287
RAL @ ATL,Week 2,ATL,RAL,2024-04-17 00:27:47,25,13 Hannah Abraham,0,0,0,0,0.14038728,0.7679779
RAL @ ATL,Week 2,ATL,RAL,2024-04-17 00:32:02,25,44 Jordan Harn,0,0,0,0,0.8471646,0.6616472
RAL @ ATL,Week 2,ATL,RAL,2024-04-17 02:12:41,25,42 Martha Wilber,0,0,0,0,0.64246196,0.6942225
RAL @ ATL,Week 2,ATL,RAL,2024-04-17 02:15:39,25,31 María Vargas,0,0,0,0,0.056016598,0.37953287
RAL @ ATL,Week 2,ATL,RAL,2024-04-17 02:18:19,25,42 Martha Wilber,0,0,0,0,0.9232365,0.5712969
RAL @ ATL,Week 2,ATL,RAL,2024-04-17 02:38:21,28,29 Charlotte Doran,0,0,0,0,0.03941909,0.3340504
RAL @ ATL,Week 2,ATL,RAL,2024-04-17 02:41:20,28,44 Jordan Harn,0,0,0,0,0.38105118,0.7470805
RAL @ ATL,Week 2,ATL,RAL,2024-04-17 02:44:48,28,13 Hannah Abraham,1,0,0,0,0.49031812,0.83927476
RAL @ ATL,Week 2,ATL,RAL,2024-04-17 02:52:49,29,29 Charlotte Doran,0,0,0,0,0.33679116,0.377689
RAL @ ATL,Week 2,ATL,RAL,2024-04-17 02:55:28,30,87 Christina Marsciano,1,0,0,0,0.87759334,0.8650891
RAL @ ATL,Week 2,ATL,RAL,2024-04-17 02:57:05,30,87 Christina Marsciano,0,0,0,0,0.91632086,0.80055314
RAL @ ATL,Week 2,ATL,RAL,2024-04-17 03:09:16,33,54 Liv Ford,0,0,1,0,0.0615491,0.37400123
RAL @ ATL,Week 2,ATL,RAL,2024-04-17 03:10:35,33,12 Emma Jaschke,1,0,0,0,0.5746888,0.9720344
NY @ PORT,Week 3,NY,PORT,4/25/2024 13:16,7,09 Cassandra Brown,1,0,0,0,0.79780036,0.82645404
NY @ PORT,Week 3,NY,PORT,4/25/2024 13:58,14,66 Janine Hlavaty,0,0,0,0,0.42047378,0.32551596
NY @ PORT,Week 3,NY,PORT,4/25/2024 14:07,16,65 Anna Lieberman,1,0,0,0,0.6218274,0.8577236
NY @ PORT,Week 3,NY,PORT,4/25/2024 14:16,18,08 Manuela Cardenas,1,0,0,0,0.5744501,0.82020015
NY @ PORT,Week 3,NY,PORT,4/25/2024 14:26,22,08 Manuela Cardenas,0,0,0,0,0.21573605,0.7326454
NY @ PORT,Week 3,NY,PORT,4/25/2024 14:31,23,31 Eli Presberg,0,0,0,0,0.43401015,0.749531
NY @ PORT,Week 3,NY,PORT,4/25/2024 14:36,24,23 Linnea Soo,1,0,0,0,0.3747885,0.8364603
NY @ PORT,Week 3,NY,PORT,4/25/2024 14:42,27,08 Manuela Cardenas,1,0,0,0,0.48984772,0.83083177
NY @ PORT,Week 3,PORT,NY,2024-04-23 20:06:08,2,06 Rowse,0,0,0,0,0.29166666,0.46913582
NY @ PORT,Week 3,PORT,NY,2024-04-23 21:53:54,8,04 Adelle Pitsas,0,0,0,0,0.7583333,0.52345675
NY @ PORT,Week 3,PORT,NY,2024-04-23 22:03:01,10,24 Annika Chan,0,0,0,0,0.49583334,0.51296294
NY @ PORT,Week 3,PORT,NY,2024-04-23 22:07:17,10,33 Yuge Xiao,0,0,0,0,0.29583332,0.7925926
NY @ PORT,Week 3,PORT,NY,2024-04-23 22:10:37,10,03 Liv Player,0,0,0,0,0.775,0.8018518
NY @ PORT,Week 3,PORT,NY,2024-04-23 22:11:24,10,55 Sophie Knowles,0,0,0,0,0.84166664,0.71728396
NY @ PORT,Week 3,PORT,NY,2024-04-23 22:38:35,13,19 Olivia Hampton,0,0,0,0,0.7736111,0.5395062
NY @ PORT,Week 3,PORT,NY,2024-04-23 23:11:32,24,03 Liv Player,0,0,0,0,0.25138894,0.44074076
NY @ PORT,Week 3,PORT,NY,2024-04-23 23:19:26,26,69 Tahlia Quartin,1,0,0,0,0.73194444,0.84814817
NY @ PORT,Week 3,PORT,NY,2024-04-23 23:28:35,29,55 Sophie Knowles,1,0,0,0,0.4194444,0.8679012
INDY @ PHL,Week 4,INDY,PHL,2024-04-28 09:18:36,6,03 Mary Timmons,0,0,0,0,0.6687063,0.2863248
INDY @ PHL,Week 4,INDY,PHL,2024-04-28 14:00:04,20,24 Abby Swensen,0,0,0,0,0.30025774,0.77517164
INDY @ PHL,Week 4,INDY,PHL,2024-04-28 19:30:14,32,24 Abby Swensen,1,0,0,0,0.43427834,0.8758581
INDY @ PHL,Week 4,INDY,PHL,2024-04-28 19:32:14,32,04 Rachel Mast,0,0,0,0,0.21649484,0.62471396
INDY @ PHL,Week 4,INDY,PHL,2024-04-28 19:33:24,32,04 Rachel Mast,0,0,0,0,0.32603094,0.30377576
INDY @ PHL,Week 4,INDY,PHL,2024-04-28 19:40:37,35,14 Briana Burriss,0,0,0,0,0.48711342,0.5263158
INDY @ PHL,Week 4,PHL,INDY,2024-04-27 20:06:34,11,05 Lindsay McKenna,0,0,0,0,0.47826087,0.68191564
INDY @ PHL,Week 4,PHL,INDY,2024-04-27 20:08:42,11,66 Jess Brand,0,0,0,0,0.59098226,0.4438885
INDY @ PHL,Week 4,PHL,INDY,2024-04-27 20:10:31,11,33 Jana Graham,0,0,0,0,0.7455717,0.30164403
INDY @ PHL,Week 4,PHL,INDY,2024-04-27 20:13:08,12,08 Emma Soiles,0,0,0,0,0.57004833,0.575411
INDY @ PHL,Week 4,PHL,INDY,2024-04-27 20:36:48,17,33 Jana Graham,0,0,0,0,0.6714976,0.74052894
INDY @ PHL,Week 4,PHL,INDY,2024-04-27 21:09:26,24,24 Casey Gorman,0,0,0,0,0.4090177,0.46890637
INDY @ PHL,Week 4,PHL,INDY,2024-04-27 21:17:29,26,15 Layne Dodge,0,0,0,0,0.6714976,0.4438885
INDY @ PHL,Week 4,PHL,INDY,2024-04-27 21:36:39,32,05 Lindsay McKenna,0,0,0,0,0.23188406,0.60114366
INDY @ PHL,Week 4,PHL,INDY,2024-04-27 21:51:27,35,20 Danielle Walsh,0,0,0,0,0.49436393,0.6940672
INDY @ PHL,Week 4,PHL,INDY,2024-04-27 21:54:04,36,08 Emma Soiles,1,0,0,0,0.25764894,0.8820586
NASH @ RAL,Week 4,NASH,RAL,2024-04-29 19:11:42,2,24 Mia Letterie,0,0,0,0,0.7611111,0.7006173
NASH @ RAL,Week 4,NASH,RAL,2024-04-29 19:14:02,2,10 Tori Taylor,0,0,0,0,0.6732026,0.56885535
NASH @ RAL,Week 4,NASH,RAL,2024-04-29 19:16:51,3,45 Sylvia Brown,0,0,0,0,0.79346406,0.33294597
NASH @ RAL,Week 4,NASH,RAL,2024-04-29 19:57:44,13,20 Noel Holmes,0,0,0,0,0.08027213,0.7459165
NASH @ RAL,Week 4,NASH,RAL,2024-04-29 22:46:52,23,25 Nadine Rowen,0,0,0,0,0.44166666,0.47839507
NASH @ RAL,Week 4,NASH,RAL,2024-04-29 23:19:10,30,45 Sylvia Brown,1,0,0,0,0.46388894,0.87222224
NASH @ RAL,Week 4,NASH,RAL,2024-04-30 00:12:56,37,10 Tori Taylor,0,0,0,0,0.3847222,0.5833333
NASH @ RAL,Week 4,RAL,NASH,2024-04-29 17:06:36,1,20 Bridget Mizener,0,0,0,0,0.826049,0.52797204
NASH @ RAL,Week 4,RAL,NASH,2024-04-29 17:32:43,7,20 Bridget Mizener,0,0,1,0,0.85926574,0.46658897
NASH @ RAL,Week 4,RAL,NASH,2024-04-30 18:37:47,13,90 Qxhna Titcomb,0,0,0,0,0.10576923,0.24125874
NASH @ RAL,Week 4,RAL,NASH,2024-04-30 18:43:04,14,33 Erica Birdsong,1,0,0,0,0.5743007,0.83877236
NASH @ RAL,Week 4,RAL,NASH,2024-04-30 18:55:14,17,22 Julia Zwierzynski,1,0,0,0,0.5113636,0.85275835
NASH @ RAL,Week 4,RAL,NASH,2024-04-30 19:51:05,25,17 Emily Przykucki,0,0,0,0,0.18968531,0.17443667
NASH @ RAL,Week 4,RAL,NASH,2024-04-30 20:02:29,28,09 Jinny Riedel,0,0,0,0,0.8627622,0.73465425
NASH @ RAL,Week 4,RAL,NASH,2024-05-01 14:46:53,30,24 Hannah Boettcher,0,0,0,0,0.35227272,0.532634
NASH @ RAL,Week 4,RAL,NASH,2024-05-01 16:52:49,36,18 Sarah McKee,0,0,0,0,0.84003496,0.5722611
NASH @ RAL,Week 4,RAL,NASH,2024-05-01 16:55:57,37,20 Bridget Mizener,0,0,0,0,0.5008741,0.508547
PORT @ MINN,Week 4,MINN,PORT,2024-04-28 08:28:50,1,NA,0,0,1,0,0.9944445,0.6882716
PORT @ MINN,Week 4,MINN,PORT,2024-04-28 08:58:49,9,04 Erica Baken,0,0,0,0,0.38472226,0.42283952
PORT @ MINN,Week 4,MINN,PORT,2024-04-28 09:30:02,18,10 Jane Koch,0,0,0,0,0.1777778,0.6549383
PORT @ MINN,Week 4,MINN,PORT,2024-04-28 09:43:52,25,53 Emma Piorier,0,0,0,0,0.06388887,0.27530864
PORT @ MINN,Week 4,MINN,PORT,2024-04-28 10:01:32,32,53 Emma Piorier,0,1,0,0,0.4555556,0.15370372
PORT @ MINN,Week 4,PORT,MINN,2024-04-30 20:47:58,3,03 Liv Player,0,0,0,0,0.22361107,0.6308642
PORT @ MINN,Week 4,PORT,MINN,2024-04-30 20:54:57,5,30 Jean Huang,0,0,0,0,0.24166666,0.46604937
PORT @ MINN,Week 4,PORT,MINN,2024-04-30 21:04:04,9,06 Rowse,0,0,0,0,0.68888885,0.79999995
PORT @ MINN,Week 4,PORT,MINN,2024-04-30 21:06:25,9,06 Rowse,0,0,0,0,0.22361107,0.4530864
PORT @ MINN,Week 4,PORT,MINN,2024-04-30 21:07:52,9,06 Rowse,0,0,0,0,0.1,0.3339506
PORT @ MINN,Week 4,PORT,MINN,2024-04-30 21:12:29,11,52 Caitlin Connell,0,0,0,0,0.13055554,0.6006173
PORT @ MINN,Week 4,PORT,MINN,2024-04-30 21:15:07,11,06 Rowse,0,0,0,0,0.7888889,0.42777777
PORT @ MINN,Week 4,PORT,MINN,2024-04-30 21:18:38,13,23 Colette Pellegrini,0,0,0,0,0.72361106,0.5845679
PORT @ MINN,Week 4,PORT,MINN,2024-04-30 21:22:22,14,03 Liv Player,1,0,0,0,0.51944447,0.8728395
PORT @ MINN,Week 4,PORT,MINN,2024-04-30 21:32:29,17,16 Erin Rea,0,0,0,0,0.36388886,0.60246915
PORT @ MINN,Week 4,PORT,MINN,2024-04-30 21:33:48,17,36 Jaelee Cruz,0,0,0,0,0.47638887,0.6993827
PORT @ MINN,Week 4,PORT,MINN,2024-04-30 22:02:50,28,06 Rowse,0,0,0,0,0.57916665,0.44629627
PORT @ MINN,Week 4,PORT,MINN,2024-04-30 22:04:06,28,55 Sophie Knowles,0,0,0,0,0.25555554,0.80864197
PORT @ MINN,Week 4,PORT,MINN,2024-04-30 22:12:45,32,24 Annika Chan,0,0,0,0,0.72083336,0.6080247
ATL @ NASH,Week 5,ATL,NASH,2024-05-14 05:38:39,10,51 Lilli Popovich,0,0,0,0,0.7047026,0.7126613
ATL @ NASH,Week 5,ATL,NASH,2024-05-14 05:51:45,14,05 Megan Jarriel,1,0,0,0,0.91078836,0.8534112
ATL @ NASH,Week 5,ATL,NASH,2024-05-14 06:09:50,17,75 Sarah Kingsley-Hart,0,0,0,0,0.8900415,0.78580207
ATL @ NASH,Week 5,ATL,NASH,2024-05-14 06:19:35,19,55 Trystan Grzyll,1,0,0,0,0.26625174,0.8970498
ATL @ NASH,Week 5,ATL,NASH,2024-05-14 06:25:23,19,18 Naomi Anderson,0,0,0,0,0.51244813,0.39121082
ATL @ NASH,Week 5,ATL,NASH,2024-05-14 06:50:54,24,10 Mia Griner,0,0,0,0,0.6244813,0.5565458
ATL @ NASH,Week 5,ATL,NASH,2024-05-14 07:30:22,31,10 Mia Griner,1,0,0,0,0.34094054,0.91856176
ATL @ NASH,Week 5,ATL,NASH,2024-05-14 07:31:52,31,08 Dani Ortiz,0,0,0,0,0.6300138,0.7034419
ATL @ NASH,Week 5,ATL,NASH,2024-05-14 07:37:36,34,05 Megan Jarriel,0,0,0,0,0.708852,0.46681008
ATL @ NASH,Week 5,NASH,ATL,5/12/24 12:16,1,24 Mia Letterie,0,0,0,0,0.8,0.42283952
ATL @ NASH,Week 5,NASH,ATL,5/12/24 12:36,5,25 Nadine Rowen,0,0,0,0,0.4055556,0.57901233
ATL @ NASH,Week 5,NASH,ATL,5/6/24 17:15,8,77 Melissa Gronske,0,0,0,0,0.3194444,0.7722222
ATL @ NASH,Week 5,NASH,ATL,5/6/24 17:31,10,10 Tori Taylor,0,0,0,0,0.41388887,0.7185185
ATL @ NASH,Week 5,NASH,ATL,5/6/24 17:35,10,22 Rebecca Henley,0,0,0,0,0.66111106,0.45679012
ATL @ NASH,Week 5,NASH,ATL,5/6/24 22:21,16,45 Sylvia Brown,0,0,0,0,0.0972222,0.5938271
ATL @ NASH,Week 5,NASH,ATL,5/6/24 22:28,17,12 Meaghan Creamer,0,0,0,0,0.53055555,0.6006173
ATL @ NASH,Week 5,NASH,ATL,5/6/24 22:30,17,06 Micah Roberts,0,0,0,0,0.29861107,0.68580246
ATL @ NASH,Week 5,NASH,ATL,5/6/24 22:42,19,27 Katharine Gilbert,1,0,0,0,0.3569444,0.83950615
ATL @ NASH,Week 5,NASH,ATL,5/6/24 23:04,25,28 Margie Quinn,0,0,0,0,0.29861107,0.62098765
ATL @ NASH,Week 5,NASH,ATL,5/6/24 23:20,29,21 Elena Rubino,0,0,0,0,0.44583333,0.44259256
ATL @ NASH,Week 5,NASH,ATL,5/6/24 23:24,31,45 Sylvia Brown,0,0,0,0,0.15555553,0.42777777
ATL @ NASH,Week 5,NASH,ATL,5/6/24 23:26,31,71 Mattea Swegles,0,0,0,0,0.3125,0.5802469
ATL @ NASH,Week 5,NASH,ATL,5/6/24 23:34,34,10 Tori Taylor,1,0,0,0,0.37777779,0.85617286
MKE @ MINN,Week 5,MINN,MKE,2024-05-04 18:18:18,3,05 Steph Rupp,0,0,0,0,0.1125,0.6623457
MKE @ MINN,Week 5,MINN,MKE,2024-05-04 18:21:23,3,28 Emma Peaslee,0,0,0,0,0.52916664,0.6111111
MKE @ MINN,Week 5,MINN,MKE,2024-05-04 18:25:43,4,10 Jane Koch,1,0,0,0,0.2819444,0.8537037
MKE @ MINN,Week 5,MINN,MKE,2024-05-04 18:26:16,4,14 Jessica Hendrickson,1,0,0,0,0.7291667,0.8716049
MKE @ MINN,Week 5,MINN,MKE,2024-05-04 18:30:47,4,44 Sarah Meckstroth,0,0,0,0,0.7902777,0.6154321
MKE @ MINN,Week 5,MINN,MKE,2024-05-04 18:41:00,8,02 Steph Wood,0,0,0,0,0.05,0.7129629
MKE @ MINN,Week 5,MINN,MKE,2024-05-04 18:52:38,11,02 Steph Wood,0,0,0,0,0.99861115,0.5814815
MKE @ MINN,Week 5,MINN,MKE,2024-05-04 18:58:44,14,14 Jessica Hendrickson,0,0,0,0,0.55138886,0.5574074
MKE @ MINN,Week 5,MINN,MKE,2024-05-06 16:00:29,15,47 Tori Gray,0,0,0,0,0.5930556,0.54567903
MKE @ MINN,Week 5,MINN,MKE,2024-05-06 16:06:11,15,47 Tori Gray,0,0,0,0,0.04861113,0.6827161
MKE @ MINN,Week 5,MINN,MKE,2024-05-07 15:02:46,26,21 Sarah Mondschein,0,0,0,0,0.4444444,0.49876544
MKE @ MINN,Week 5,MINN,MKE,2024-05-07 15:12:33,29,47 Tori Gray,1,0,0,0,0.49444446,0.8518519
MKE @ MINN,Week 5,MINN,MKE,2024-05-07 15:16:36,31,55 Courtney Walbe,0,0,0,0,0.3027778,0.6469136
MKE @ MINN,Week 5,MINN,MKE,2024-05-07 15:17:23,31,47 Tori Gray,0,0,0,0,0.9527778,0.68580246
MKE @ MINN,Week 5,MKE,MINN,2024-05-05 10:39:36,3,97 Eileen Bequette,0,0,0,0,0.7718447,0.6301616
MKE @ MINN,Week 5,MKE,MINN,2024-05-05 10:45:29,4,21 Annie Shriver,0,0,0,0,0.47087377,0.6974865
MKE @ MINN,Week 5,MKE,MINN,2024-05-05 10:52:48,5,10 Chelsea Twohig,0,0,0,0,0.30825242,0.2172352
MKE @ MINN,Week 5,MKE,MINN,2024-05-05 11:30:03,9,52 Erynn Schroeder,0,0,0,0,0.50242716,0.34111312
MKE @ MINN,Week 5,MKE,MINN,2024-05-05 11:33:09,9,12 Sydney French,1,0,0,0,0.35194173,0.8411131
MKE @ MINN,Week 5,MKE,MINN,2024-05-05 12:14:55,21,25 Anna Wozniak,0,0,0,0,0.45873785,0.72082585
MKE @ MINN,Week 5,MKE,MINN,2024-05-05 12:21:15,23,97 Eileen Bequette,1,0,0,0,0.06553398,0.9147217
MKE @ MINN,Week 5,MKE,MINN,2024-05-05 12:42:14,31,17 Caitlin Duffner,0,0,0,0,0.5218447,0.7163375
NY @ INDY,Week 5,INDY,NY,2024-05-05 19:16:34,2,11 Tracey Lo,0,0,0,0,0.3068182,0.26223776
NY @ INDY,Week 5,INDY,NY,2024-05-05 19:22:33,2,04 Rachel Mast,1,0,0,0,0.45716783,0.95687646
NY @ INDY,Week 5,INDY,NY,2024-05-05 21:07:19,18,77 Katrina Mcguire,0,0,0,0,0.5305944,0.53574204
NY @ INDY,Week 5,INDY,NY,2024-05-05 21:08:40,18,40 Claire Milton,0,0,0,0,0.15472028,0.29176378
NY @ INDY,Week 5,INDY,NY,2024-05-05 21:09:20,18,04 Rachel Mast,0,1,0,0,0.4763986,0.12859362
NY @ INDY,Week 5,NY,INDY,5/9/2024 12:03,5,88 Nikki Hair,0,0,0,0,0.46518514,0.5243742
NY @ INDY,Week 5,NY,INDY,5/9/2024 12:14,9,02 Jolene Zheng,0,0,0,0,0.42370367,0.50395256
NY @ INDY,Week 5,NY,INDY,5/9/2024 12:26,16,31 Eli Presberg,0,0,0,0,0.5451852,0.7694335
NY @ INDY,Week 5,NY,INDY,5/9/2024 12:34,18,00 Genny De Jesus,1,0,0,0,0.35555556,0.9038208
NY @ INDY,Week 5,NY,INDY,5/9/2024 12:49,23,31 Eli Presberg,0,0,0,0,0.6814815,0.72661394
NY @ INDY,Week 5,NY,INDY,5/9/2024 12:50,23,65 Anna Lieberman,0,0,0,0,0.7896296,0.088274024
NY @ INDY,Week 5,NY,INDY,5/9/2024 12:52,24,20 Yina Cartagena,0,0,0,0,0.091851875,0.5797102
NY @ INDY,Week 5,NY,INDY,5/9/2024 12:54,25,21 Montana Roberts,0,0,0,0,0.16888888,0.75428194
NY @ INDY,Week 5,NY,INDY,5/9/2024 13:00,28,24 Jolie Krebs,0,0,0,0,0.8666667,0.5309618
PHL @ ATX,Week 5,ATX,PHL,2024-05-12 10:15:39,5,00 Maggie Rowell,1,0,0,0,0.9263889,0.88950616
PHL @ ATX,Week 5,ATX,PHL,2024-05-12 10:24:55,5,07 Shiru Liu,0,0,0,0,0.7083333,0.48580247
PHL @ ATX,Week 5,ATX,PHL,2024-05-12 10:49:59,8,26 Amy Broome,1,0,0,0,0.7402778,0.8617284
PHL @ ATX,Week 5,ATX,PHL,2024-05-12 11:09:45,11,73 Clara Stewart,0,0,0,0,0.29166666,0.682716
PHL @ ATX,Week 5,ATX,PHL,2024-05-12 11:20:06,14,12 Annie Ortiz,0,0,0,0,0.27361107,0.51358026
PHL @ ATX,Week 5,ATX,PHL,2024-05-12 12:06:46,24,71 Wren Vogel,0,0,0,0,0.52638894,0.72839504
PHL @ ATX,Week 5,ATX,PHL,2024-05-12 12:29:11,29,19 Vanessa Bacorn,0,0,0,0,0.26111108,0.8203704
PHL @ ATX,Week 5,PHL,ATX,2024-05-04 18:28:09,5,21 Linda Morse,1,0,0,0,0.8254593,0.93203884
PHL @ ATX,Week 5,PHL,ATX,2024-05-04 18:30:34,5,00 Emilie Mohler,0,0,0,0,0.7230971,0.5436893
PHL @ ATX,Week 5,PHL,ATX,2024-05-04 18:33:23,5,15 Layne Dodge,1,0,0,0,0.022309711,0.87718445
PHL @ ATX,Week 5,PHL,ATX,2024-05-04 18:49:57,6,33 Jana Graham,0,0,0,0,0.6784777,0.8101942
PHL @ ATX,Week 5,PHL,ATX,2024-05-04 19:37:18,12,08 Emma Soiles,0,0,0,0,0.88845146,0.48640776
PHL @ ATX,Week 5,PHL,ATX,2024-05-04 19:50:06,16,22 Liz Hart,0,0,0,0,0.29002625,0.29417476
PHL @ ATX,Week 5,PHL,ATX,2024-05-04 19:57:02,18,00 Emilie Mohler,0,0,0,0,0.30052492,0.4538835
PHL @ ATX,Week 5,PHL,ATX,2024-05-04 19:59:25,19,18 Sumi Onoe,0,0,0,0,0.2296588,0.71990293
PHL @ ATX,Week 5,PHL,ATX,2024-05-04 20:00:59,19,24 Casey Gorman,1,0,0,0,0.6587927,0.85631067
PHL @ ATX,Week 5,PHL,ATX,2024-05-04 20:08:06,20,21 Linda Morse,0,0,0,0,0.3727034,0.62572813
PHL @ ATX,Week 5,PHL,ATX,2024-05-04 20:09:31,21,00 Emilie Mohler,1,0,0,0,0.7992126,0.86650485
PHL @ ATX,Week 5,PHL,ATX,2024-05-04 20:15:01,23,05 Lindsay McKenna,0,0,0,0,0.18897638,0.28592232
PHL @ ATX,Week 5,PHL,ATX,2024-05-04 20:20:07,25,01 Emily Shields,0,0,0,0,0.20734908,0.6393204
PHL @ ATX,Week 5,PHL,ATX,2024-05-04 20:20:44,25,23 Natalie Bova,0,0,0,0,0.16535433,0.43640777
PHL @ ATX,Week 5,PHL,ATX,2024-05-04 20:26:42,29,08 Emma Soiles,0,0,0,0,0.060367454,0.7228155
PHL @ ATX,Week 5,PHL,ATX,2024-05-04 20:30:16,29,11 Sara Liang,0,0,0,0,0.25721785,0.57378644
PHL @ ATX,Week 5,PHL,ATX,2024-05-04 20:38:03,31,11 Sara Liang,0,0,0,0,0.7296588,0.49951455
RAL @ DC,Week 5,DC,RAL,2024-05-05 15:22:03,2,01 Ashleigh Jentilet,0,0,0,0,0.31527779,0.5814815
RAL @ DC,Week 5,DC,RAL,2024-05-05 15:38:14,5,22 Erin McCann,0,0,0,0,0.2069444,0.6919753
RAL @ DC,Week 5,DC,RAL,2024-05-05 15:43:00,5,01 Ashleigh Jentilet,0,0,0,0,0.80833334,0.65555555
RAL @ DC,Week 5,DC,RAL,2024-05-05 15:46:52,6,06 Laureen Johnson,0,0,0,0,0.51666665,0.49074075
RAL @ DC,Week 5,DC,RAL,2024-05-05 15:51:22,6,07 Kami Groom,0,0,0,0,0.39166668,0.5555556
RAL @ DC,Week 5,DC,RAL,2024-05-05 15:56:22,7,42 Lisi Lohre,0,0,0,0,0.4694444,0.5919753
RAL @ DC,Week 5,DC,RAL,2024-05-05 16:06:56,8,23 Lisa Dang,0,0,0,0,0.26388893,0.59444445
RAL @ DC,Week 5,DC,RAL,2024-05-05 16:09:46,9,36 Carolyn Normile,0,0,0,0,0.3569444,0.43765432
RAL @ DC,Week 5,DC,RAL,2024-05-05 16:15:40,10,66 Jackie Wang,0,0,0,0,0.78333336,0.4728395
RAL @ DC,Week 5,DC,RAL,2024-05-05 16:20:03,10,37 Claire Trop,0,0,0,0,0.6680556,0.48024693
RAL @ DC,Week 5,DC,RAL,2024-05-05 16:57:27,19,07 Kami Groom,0,0,0,0,0.1027778,0.79691356
RAL @ DC,Week 5,DC,RAL,2024-05-05 17:01:04,19,46 Graham Cunningham,0,0,0,0,0.34722227,0.5407408
RAL @ DC,Week 5,DC,RAL,2024-05-05 18:58:36,20,15 Florence Brooks,0,0,0,0,0.52916664,0.40555555
RAL @ DC,Week 5,DC,RAL,2024-05-05 19:03:03,21,07 Kami Groom,0,0,0,0,0.1319444,0.7987654
RAL @ DC,Week 5,DC,RAL,2024-05-05 19:11:00,22,01 Ashleigh Jentilet,1,0,0,0,0.1652778,0.8777778
RAL @ DC,Week 5,DC,RAL,2024-05-05 19:16:15,22,24 Jamie Eriksson,0,0,0,0,0.29583332,0.65246916
RAL @ DC,Week 5,DC,RAL,2024-05-05 19:18:30,22,66 Jackie Wang,0,0,0,0,0.25138894,0.6401235
RAL @ DC,Week 5,RAL,DC,2024-05-12 16:06:14,2,12 Katie Backus Meilstrup,0,0,0,0,0.48164335,0.7377622
RAL @ DC,Week 5,RAL,DC,2024-05-17 13:20:13,4,15 Justine Neville,0,0,0,0,0.7386364,0.46969697
RAL @ DC,Week 5,RAL,DC,2024-05-17 13:24:47,5,12 Katie Backus Meilstrup,0,0,0,0,0.5008741,0.8123543
RAL @ DC,Week 5,RAL,DC,2024-05-17 14:16:48,5,02 Claire Bidigaire-Curtis,0,0,0,0,0.5568182,0.21173272
RAL @ DC,Week 5,RAL,DC,2024-05-17 14:32:18,7,01 Lindsay Soo,0,0,0,0,1.0,0.52952605
RAL @ DC,Week 5,RAL,DC,2024-05-17 14:34:03,7,13 Tyler Smith,0,0,0,0,0.1826923,0.44483295
RAL @ DC,Week 5,RAL,DC,2024-05-17 14:36:00,8,22 Julia Zwierzynski,0,0,0,0,0.52185315,0.541181
RAL @ DC,Week 5,RAL,DC,2024-05-17 15:18:45,17,45 Caitlin Gross,1,0,0,0,0.119755246,0.87606835
RAL @ DC,Week 5,RAL,DC,2024-05-17 15:36:59,22,01 Lindsay Soo,0,0,0,0,0.24038461,0.82323235
DC @ PORT,Week 7,DC,PORT,2024-05-22 17:45:23,4,18 Caroline Tornquist,0,0,0,0,0.26111114,0.48580247
DC @ PORT,Week 7,DC,PORT,2024-05-22 17:47:51,5,22 Erin McCann,1,0,0,0,0.27083334,0.9030864
DC @ PORT,Week 7,DC,PORT,2024-05-22 17:51:00,6,66 Jackie Wang,0,0,0,0,0.5,0.53641975
DC @ PORT,Week 7,DC,PORT,2024-05-22 18:05:10,9,13 Sami Smalling,0,0,0,0,0.8319444,0.7290123
DC @ PORT,Week 7,DC,PORT,2024-05-22 18:08:38,10,08 Kathryn Ritzman,0,0,0,0,0.14861113,0.53765434
DC @ PORT,Week 7,DC,PORT,2024-05-22 18:12:51,11,22 Erin McCann,0,0,0,0,0.2375,0.54691356
DC @ PORT,Week 7,DC,PORT,2024-05-22 18:21:58,12,07 Kami Groom,0,0,0,0,0.45972225,0.78271604
DC @ PORT,Week 7,DC,PORT,2024-05-22 18:46:16,18,22 Erin McCann,0,0,0,0,0.7513889,0.6462963
DC @ PORT,Week 7,DC,PORT,2024-05-22 18:47:47,18,22 Erin McCann,0,0,0,0,0.8555556,0.5462963
DC @ PORT,Week 7,DC,PORT,2024-05-22 18:51:30,20,08 Kathryn Ritzman,0,0,0,0,0.37916666,0.7166667
DC @ PORT,Week 7,DC,PORT,2024-05-22 19:44:00,24,33 Amanda Murphy,0,0,0,0,0.67638886,0.47407407
DC @ PORT,Week 7,DC,PORT,2024-05-22 19:53:52,27,22 Erin McCann,0,0,0,0,0.18472226,0.52592593
DC @ PORT,Week 7,DC,PORT,2024-05-22 20:00:59,30,15 Florence Brooks,0,0,0,0,0.49305552,0.5388889
DC @ PORT,Week 7,PORT,DC,2024-05-20 21:27:00,1,03 Liv Player,0,0,0,0,0.42222226,0.704321
DC @ PORT,Week 7,PORT,DC,2024-05-20 21:40:33,2,06 Rowse,1,0,0,0,0.49305552,0.891358
DC @ PORT,Week 7,PORT,DC,2024-05-20 22:21:56,12,29 Elana Schwam,0,0,0,0,0.0875,0.69753087
DC @ PORT,Week 7,PORT,DC,2024-05-20 22:39:24,17,19 Olivia Hampton,0,0,0,0,0.69166666,0.65185183
DC @ PORT,Week 7,PORT,DC,2024-05-20 22:48:48,19,04 Adelle Pitsas,0,0,0,0,0.7319444,0.60925925
DC @ PORT,Week 7,PORT,DC,2024-05-20 22:50:51,19,55 Sophie Knowles,0,0,0,0,0.64166665,0.30617285
DC @ PORT,Week 7,PORT,DC,2024-05-20 23:02:51,22,33 Yuge Xiao,0,0,0,0,0.25416666,0.6191358
DC @ PORT,Week 7,PORT,DC,2024-05-20 23:22:59,28,33 Yuge Xiao,1,0,0,0,0.32361114,0.87222224
INDY @ MKE,Week 7,INDY,MKE,5/19/24 21:30,6,02 Maketa Mattimore,0,0,0,0,0.3347902,0.27466977
INDY @ MKE,Week 7,INDY,MKE,5/19/24 21:32,7,08 Jamie Smets,0,0,0,0,0.7613636,0.47513598
INDY @ MKE,Week 7,INDY,MKE,5/19/24 21:39,7,03 Mary Timmons,0,0,0,0,0.11451049,0.64840716
INDY @ MKE,Week 7,INDY,MKE,5/19/24 22:14,12,29 Emily Schloneger,1,0,0,0,0.41695803,0.9273504
INDY @ MKE,Week 7,INDY,MKE,5/19/24 22:35,16,23 Lili Hobday,0,0,0,0,0.15646853,0.3174048
INDY @ MKE,Week 7,INDY,MKE,5/19/24 22:42,18,24 Abby Swensen,0,0,0,0,0.31206295,0.5769231
INDY @ MKE,Week 7,INDY,MKE,5/19/24 23:14,27,34 Lauren Kitten,0,0,0,0,0.25087413,0.3096348
INDY @ MKE,Week 7,INDY,MKE,5/19/24 23:16,28,24 Abby Swensen,0,0,0,0,0.28933567,0.74242425
INDY @ MKE,Week 7,INDY,MKE,5/19/24 23:56,35,14 Briana Burriss,0,0,0,0,0.03409091,0.75874126
INDY @ MKE,Week 7,INDY,MKE,5/20/24 0:13,37,22 Emily Wycoff,0,0,0,0,0.60402095,0.74009323
PHL @ NY,Week 7,NY,PHL,2024-05-25 12:40:15,3,24 Jolie Krebs,0,0,0,0,0.5348148,0.5797101
PHL @ NY,Week 7,NY,PHL,2024-05-25 12:52:22,10,62 Casey Banta-Ryan,0,0,0,0,0.34074068,0.6251647
PHL @ NY,Week 7,NY,PHL,2024-05-25 13:14:16,18,96 Nina Finley,0,0,0,0,0.46370375,0.71014494
PHL @ NY,Week 7,NY,PHL,2024-05-25 13:23:24,21,09 Cassandra Brown,0,0,0,0,0.49333334,0.75889325
PHL @ NY,Week 7,NY,PHL,2024-05-25 13:31:46,26,33 Valeria Cardenas,0,0,0,0,0.4888889,0.43544137
PHL @ NY,Week 7,NY,PHL,2024-05-25 13:44:16,30,26 Mariabelen Restrepo,0,0,0,0,0.11851847,0.45652175
PHL @ NY,Week 7,NY,PHL,2024-05-25 14:03:14,38,62 Casey Banta-Ryan,0,0,0,0,0.96444446,0.38932806
PHL @ NY,Week 7,PHL,NY,2024-05-20 14:10:09,10,22 Liz Hart,0,0,0,0,0.46215782,0.6397427
PHL @ NY,Week 7,PHL,NY,2024-05-20 14:35:34,18,20 Danielle Walsh,0,0,0,0,0.7455717,0.5525375
PHL @ NY,Week 7,PHL,NY,2024-05-20 14:38:22,18,15 Layne Dodge,0,0,0,0,0.31078905,0.47462472
PHL @ NY,Week 7,PHL,NY,2024-05-20 14:58:48,25,24 Casey Gorman,0,0,0,0,0.23188406,0.4653324
PHL @ NY,Week 7,PHL,NY,2024-05-20 15:23:17,29,08 Emma Soiles,0,0,0,0,0.22544283,0.64474624
