match,date,team,opponent,Created,Point,Our score at pull,Opponent's score at pull,Started on offense?,Scored?,Possessions,Passes,Turnovers,Thrower errors,Receiver errors,Defensive blocks,Opposition errors,Secondary assist,Assist,Goal
ATL @ ATX,2024-04-07_13-00-00,ATL,ATX,2024-04-10 01:16:50,1,0,0,0,0,2,5,2,2,0,1,1,NA,NA,NA
ATL @ ATX,2024-04-07_13-00-00,ATL,ATX,2024-04-10 01:24:09,2,0,1,1,0,1,13,1,1,0,0,0,NA,NA,NA
ATL @ ATX,2024-04-07_13-00-00,ATL,ATX,2024-04-10 01:32:50,3,0,2,1,1,1,12,0,0,0,0,0,55 Trystan Grzyll,26 Morgan Lally,18 Naomi Anderson
ATL @ ATX,2024-04-07_13-00-00,ATL,ATX,2024-04-10 01:36:59,4,1,2,0,0,3,14,3,2,1,1,2,NA,NA,NA
ATL @ ATX,2024-04-07_13-00-00,ATL,ATX,2024-04-10 01:44:10,5,1,3,1,1,3,12,2,1,1,1,1,29 Charlotte Doran,19 Elle Mayer,45 Jennifer Lin
ATL @ ATX,2024-04-07_13-00-00,ATL,ATX,2024-04-10 01:51:33,6,2,3,0,1,1,1,0,0,0,1,0,NA,13 Hannah Abraham,18 Naomi Anderson
ATL @ ATX,2024-04-07_13-00-00,ATL,ATX,2024-04-10 02:00:40,7,3,3,1,1,3,25,2,2,0,0,2,13 Hannah Abraham,08 Dani Ortiz,13 Hannah Abraham
ATL @ ATX,2024-04-07_13-00-00,ATL,ATX,2024-04-10 02:10:02,8,4,3,0,0,2,6,2,2,0,1,1,NA,NA,NA
ATL @ ATX,2024-04-07_13-00-00,ATL,ATX,2024-04-10 02:19:17,9,4,4,1,1,1,22,0,0,0,0,0,29 Charlotte Doran,08 Dani Ortiz,03 Alex Krueger
ATL @ ATX,2024-04-07_13-00-00,ATL,ATX,2024-04-10 02:23:33,10,5,4,0,0,0,0,0,0,0,0,0,NA,NA,NA
ATL @ ATX,2024-04-07_13-00-00,ATL,ATX,2024-04-10 02:25:56,11,5,5,1,0,1,8,1,1,0,0,0,NA,NA,NA
ATL @ ATX,2024-04-07_13-00-00,ATL,ATX,2024-04-10 02:32:39,12,5,6,1,1,2,8,1,1,0,0,1,NA,31 María Vargas,18 Naomi Anderson
ATL @ ATX,2024-04-07_13-00-00,ATL,ATX,2024-04-10 02:36:34,13,6,6,0,1,3,15,2,2,0,3,0,NA,31 María Vargas,12 Emma Jaschke
ATL @ ATX,2024-04-07_13-00-00,ATL,ATX,2024-04-10 02:50:03,14,7,6,0,0,0,0,0,0,0,0,0,NA,NA,NA
ATL @ ATX,2024-04-07_13-00-00,ATL,ATX,2024-04-10 02:56:56,15,7,7,1,0,2,14,2,2,0,0,1,NA,NA,NA
ATL @ ATX,2024-04-07_13-00-00,ATL,ATX,2024-04-10 03:09:10,16,7,8,1,0,1,3,1,1,0,0,0,NA,NA,NA
ATL @ ATX,2024-04-07_13-00-00,ATL,ATX,2024-04-10 03:10:54,17,7,9,1,0,1,7,1,1,0,0,0,NA,NA,NA
ATL @ ATX,2024-04-07_13-00-00,ATL,ATX,2024-04-10 03:15:54,18,7,10,1,1,1,10,0,0,0,0,0,08 Dani Ortiz,20 Soju Hokari,75 Sarah Kingsley-Hart
ATL @ ATX,2024-04-07_13-00-00,ATL,ATX,2024-04-10 03:19:14,19,8,10,0,1,1,8,0,0,0,1,0,72 Annalise Paul,10 Mia Griner,18 Naomi Anderson
ATL @ ATX,2024-04-07_13-00-00,ATL,ATX,2024-04-10 03:21:38,20,9,10,0,0,0,0,0,0,0,0,0,NA,NA,NA
ATL @ ATX,2024-04-07_13-00-00,ATL,ATX,2024-04-10 03:22:46,21,9,11,1,0,1,10,1,1,0,0,0,NA,NA,NA
ATL @ ATX,2024-04-07_13-00-00,ATL,ATX,2024-04-10 03:26:31,22,9,12,1,1,1,7,0,0,0,0,0,12 Emma Jaschke,31 María Vargas,10 Mia Griner
ATL @ ATX,2024-04-07_13-00-00,ATL,ATX,2024-04-10 03:30:38,23,10,12,0,0,0,0,0,0,0,0,0,NA,NA,NA
ATL @ ATX,2024-04-07_13-00-00,ATL,ATX,2024-04-10 03:31:30,24,10,13,1,1,1,12,0,0,0,0,0,29 Charlotte Doran,05 Megan Jarriel,75 Sarah Kingsley-Hart
ATL @ ATX,2024-04-07_13-00-00,ATL,ATX,2024-04-10 03:33:18,25,11,13,0,0,0,0,0,0,0,0,0,NA,NA,NA
ATL @ ATX,2024-04-07_13-00-00,ATL,ATX,2024-04-10 03:34:50,26,11,14,1,0,2,41,2,2,0,0,1,NA,NA,NA
ATL @ ATX,2024-04-07_13-00-00,ATL,ATX,2024-04-10 03:43:28,27,11,15,1,0,2,10,2,1,1,1,1,NA,NA,NA
ATL @ ATX,2024-04-07_13-00-00,ATX,ATL,2024-04-08 23:47:15,1,0,0,1,1,3,23,2,2,0,1,1,00 Maggie Rowell,02 Elise Bjork,69 Jaime Estes
ATL @ ATX,2024-04-07_13-00-00,ATX,ATL,2024-04-09 18:17:06,2,1,0,0,1,1,21,0,0,0,0,1,95 Megan Mendieta,05 Dre Esparza,19 Vanessa Bacorn
ATL @ ATX,2024-04-07_13-00-00,ATX,ATL,2024-04-09 18:44:44,3,2,0,0,0,0,0,0,0,0,0,0,NA,NA,NA
ATL @ ATX,2024-04-07_13-00-00,ATX,ATL,2024-04-09 18:47:47,4,2,1,1,1,4,18,3,3,0,0,3,02 Elise Bjork,00 Maggie Rowell,69 Jaime Estes
ATL @ ATX,2024-04-07_13-00-00,ATX,ATL,2024-04-09 19:03:20,5,3,1,0,0,2,7,2,1,1,0,2,NA,NA,NA
ATL @ ATX,2024-04-07_13-00-00,ATX,ATL,2024-04-09 19:11:35,6,3,2,1,0,1,18,1,1,0,0,0,NA,NA,NA
ATL @ ATX,2024-04-07_13-00-00,ATX,ATL,2024-04-09 19:57:55,7,3,3,0,0,2,10,2,1,1,1,1,NA,NA,NA
ATL @ ATX,2024-04-07_13-00-00,ATX,ATL,2024-04-09 20:07:57,8,3,4,1,1,3,22,2,2,0,1,1,03 Madi Cannon,26 Amy Broome,31 Nikki Gilbert
ATL @ ATX,2024-04-07_13-00-00,ATX,ATL,2024-04-09 20:24:27,9,4,4,0,0,0,0,0,0,0,0,0,NA,NA,NA
ATL @ ATX,2024-04-07_13-00-00,ATX,ATL,2024-04-09 20:26:22,10,4,5,1,1,1,25,0,0,0,0,0,42 Meg Duffy,73 Clara Stewart,22 Sydney Loughran
ATL @ ATX,2024-04-07_13-00-00,ATX,ATL,2024-04-09 20:36:55,11,5,5,0,1,1,14,0,0,0,1,0,73 Clara Stewart,88 Maddy Easton,03 Madi Cannon
ATL @ ATX,2024-04-07_13-00-00,ATX,ATL,2024-04-09 20:55:30,12,6,5,0,0,1,9,1,1,0,0,1,NA,NA,NA
ATL @ ATX,2024-04-07_13-00-00,ATX,ATL,2024-04-09 21:07:53,13,6,6,1,0,3,11,3,3,0,2,0,NA,NA,NA
ATL @ ATX,2024-04-07_13-00-00,ATX,ATL,2024-04-09 21:32:26,14,6,7,1,1,1,11,0,0,0,0,0,73 Clara Stewart,88 Maddy Easton,03 Madi Cannon
ATL @ ATX,2024-04-07_13-00-00,ATX,ATL,2024-04-09 21:42:26,15,7,7,0,1,2,24,1,1,0,2,0,88 Maddy Easton,31 Nikki Gilbert,88 Maddy Easton
ATL @ ATX,2024-04-07_13-00-00,ATX,ATL,2024-04-09 21:54:28,16,8,7,0,1,1,8,0,0,0,1,0,02 Elise Bjork,42 Meg Duffy,22 Sydney Loughran
ATL @ ATX,2024-04-07_13-00-00,ATX,ATL,2024-04-09 21:57:51,17,9,7,0,1,1,39,0,0,0,0,1,31 Nikki Gilbert,03 Madi Cannon,31 Nikki Gilbert
ATL @ ATX,2024-04-07_13-00-00,ATX,ATL,2024-04-09 22:10:32,18,10,7,0,0,0,0,0,0,0,0,0,NA,NA,NA
ATL @ ATX,2024-04-07_13-00-00,ATX,ATL,2024-04-09 22:14:00,19,10,8,1,0,1,2,1,1,0,0,0,NA,NA,NA
ATL @ ATX,2024-04-07_13-00-00,ATX,ATL,2024-04-09 22:15:59,20,10,9,1,1,1,5,0,0,0,0,0,88 Maddy Easton,73 Clara Stewart,03 Madi Cannon
ATL @ ATX,2024-04-07_13-00-00,ATX,ATL,2024-04-09 22:18:14,21,11,9,0,1,1,8,0,0,0,0,1,12 Annie Ortiz,95 Megan Mendieta,16 Kinsey Neas
ATL @ ATX,2024-04-07_13-00-00,ATX,ATL,2024-04-09 22:22:40,22,12,9,0,0,0,0,0,0,0,0,0,NA,NA,NA
ATL @ ATX,2024-04-07_13-00-00,ATX,ATL,2024-04-09 22:24:04,23,12,10,1,1,1,4,0,0,0,0,0,88 Maddy Easton,69 Jaime Estes,71 Wren Vogel
ATL @ ATX,2024-04-07_13-00-00,ATX,ATL,2024-04-09 22:30:12,24,13,10,0,0,0,0,0,0,0,0,0,NA,NA,NA
ATL @ ATX,2024-04-07_13-00-00,ATX,ATL,2024-04-09 22:31:01,25,13,11,1,1,1,2,0,0,0,0,0,42 Meg Duffy,69 Jaime Estes,22 Sydney Loughran
ATL @ ATX,2024-04-07_13-00-00,ATX,ATL,2024-04-09 22:32:24,26,14,11,0,1,2,5,1,1,0,2,0,NA,02 Elise Bjork,42 Meg Duffy
ATL @ ATX,2024-04-07_13-00-00,ATX,ATL,2024-04-09 22:38:04,27,15,11,0,0,2,10,2,2,0,1,1,NA,NA,NA
DC @ RAL,2024-04-06_17-31-34,DC,RAL,4/6/24 17:36,1,0,0,1,1,1,11,0,0,0,0,0,37 Claire Trop,36 Carolyn Normile,19 Allie Wallace
DC @ RAL,2024-04-06_17-31-34,DC,RAL,4/6/24 17:42,2,1,0,0,1,1,2,0,0,0,1,0,09 Annalise Peters,46 Graham Cunningham,07 Kami Groom
DC @ RAL,2024-04-06_17-31-34,DC,RAL,4/6/24 17:49,3,2,0,0,1,2,10,1,1,0,0,2,07 Kami Groom,01 Ashleigh Jentilet,22 Erin McCann
DC @ RAL,2024-04-06_17-31-34,DC,RAL,4/6/24 17:57,4,3,0,0,1,1,8,0,0,0,1,0,07 Kami Groom,01 Ashleigh Jentilet,07 Kami Groom
DC @ RAL,2024-04-06_17-31-34,DC,RAL,4/6/24 18:01,5,4,0,0,0,4,6,4,4,0,1,3,NA,NA,NA
DC @ RAL,2024-04-06_17-31-34,DC,RAL,4/6/24 18:27,6,4,1,0,0,0,0,0,0,0,0,0,NA,NA,NA
DC @ RAL,2024-04-06_17-31-34,DC,RAL,4/6/24 18:29,7,4,2,1,1,4,29,3,3,0,1,2,12 Clare Frantz,13 Sami Smalling,12 Clare Frantz
DC @ RAL,2024-04-06_17-31-34,DC,RAL,4/6/24 18:40,8,5,2,0,1,3,10,3,3,1,2,2,NA,NA,NA
DC @ RAL,2024-04-06_17-31-34,DC,RAL,4/6/24 18:46,9,6,2,0,0,0,0,0,0,0,0,0,NA,NA,NA
DC @ RAL,2024-04-06_17-31-34,DC,RAL,4/6/24 18:48,10,6,3,1,0,2,5,2,2,0,0,1,NA,NA,NA
DC @ RAL,2024-04-06_17-31-34,DC,RAL,4/6/24 18:53,11,6,4,1,0,3,12,3,3,0,1,1,NA,NA,NA
DC @ RAL,2024-04-06_17-31-34,DC,RAL,4/6/24 19:03,12,6,5,1,1,6,35,5,5,0,0,5,12 Clare Frantz,19 Allie Wallace,37 Claire Trop
DC @ RAL,2024-04-06_17-31-34,DC,RAL,4/6/24 19:18,13,7,5,0,1,1,3,0,0,0,0,1,24 Jamie Eriksson,01 Ashleigh Jentilet,15 Florence Brooks
DC @ RAL,2024-04-06_17-31-34,DC,RAL,4/6/24 19:22,14,8,5,0,1,1,14,0,0,0,0,1,22 Erin McCann,01 Ashleigh Jentilet,04 Ellen Mueller
DC @ RAL,2024-04-06_17-31-34,DC,RAL,4/6/24 19:27,15,9,5,0,0,2,10,2,2,0,1,1,NA,NA,NA
DC @ RAL,2024-04-06_17-31-34,DC,RAL,4/6/24 19:36,16,9,6,0,1,2,13,1,1,0,1,1,46 Graham Cunningham,04 Ellen Mueller,09 Annalise Peters
DC @ RAL,2024-04-06_17-31-34,DC,RAL,4/6/24 21:44,17,10,6,0,1,1,3,0,0,0,1,0,66 Jackie Wang,07 Kami Groom,46 Graham Cunningham
DC @ RAL,2024-04-06_17-31-34,DC,RAL,4/6/24 21:47,18,11,6,0,0,0,0,0,0,0,0,0,NA,NA,NA
DC @ RAL,2024-04-06_17-31-34,DC,RAL,4/6/24 21:48,19,11,7,1,1,1,2,0,0,0,0,0,23 Lisa Dang,05 Marie Perivier,37 Claire Trop
DC @ RAL,2024-04-06_17-31-34,DC,RAL,4/6/24 21:52,20,12,7,0,0,1,1,1,1,0,0,1,NA,NA,NA
DC @ RAL,2024-04-06_17-31-34,DC,RAL,4/6/24 21:56,21,12,8,1,1,2,7,1,0,1,0,1,36 Carolyn Normile,37 Claire Trop,19 Allie Wallace
DC @ RAL,2024-04-06_17-31-34,DC,RAL,4/6/24 22:00,22,13,8,0,1,1,13,0,0,0,0,1,13 Sami Smalling,01 Ashleigh Jentilet,15 Florence Brooks
DC @ RAL,2024-04-06_17-31-34,DC,RAL,4/6/24 22:06,23,14,8,0,1,1,5,0,0,0,0,1,04 Ellen Mueller,15 Florence Brooks,07 Kami Groom
DC @ RAL,2024-04-06_17-31-34,DC,RAL,4/6/24 22:13,24,15,8,0,1,2,12,1,1,0,1,1,21 Jess Oh,22 Erin McCann,37 Claire Trop
DC @ RAL,2024-04-06_17-31-34,DC,RAL,4/6/24 22:19,25,16,8,0,0,1,4,1,1,0,1,0,NA,NA,NA
DC @ RAL,2024-04-06_17-31-34,DC,RAL,4/6/24 22:24,26,16,9,1,0,0,0,0,0,0,0,0,NA,NA,NA
DC @ RAL,2024-04-06_17-30-00,RAL,DC,2024-04-07 17:52:25,1,0,0,0,0,0,0,0,0,0,0,0,NA,NA,NA
DC @ RAL,2024-04-06_17-30-00,RAL,DC,2024-04-07 17:57:00,2,0,1,1,0,1,15,1,0,1,0,0,NA,NA,NA
DC @ RAL,2024-04-06_17-30-00,RAL,DC,2024-04-07 18:10:55,3,0,2,1,0,2,8,2,2,1,0,1,NA,NA,NA
DC @ RAL,2024-04-06_17-30-00,RAL,DC,2024-04-07 18:25:56,4,0,3,1,0,1,4,1,1,0,0,0,NA,NA,NA
DC @ RAL,2024-04-06_17-30-00,RAL,DC,2024-04-07 18:29:44,5,0,4,1,0,5,34,5,4,1,1,3,NA,NA,NA
DC @ RAL,2024-04-06_17-30-00,RAL,DC,2024-04-07 18:51:06,6,0,5,1,1,1,10,0,0,0,0,0,59 Audrey Lyman,01 Lindsay Soo,03 Grace Conerly
DC @ RAL,2024-04-06_17-30-00,RAL,DC,2024-04-07 19:05:40,7,1,5,0,0,3,9,3,3,0,2,1,NA,NA,NA
DC @ RAL,2024-04-06_17-30-00,RAL,DC,2024-04-07 19:12:47,8,1,6,1,0,4,14,4,4,1,2,1,NA,NA,NA
DC @ RAL,2024-04-06_17-30-00,RAL,DC,2024-04-07 19:19:07,9,1,7,1,1,1,3,0,0,0,0,0,06 Jenny Wei,11 Dawn Culton,01 Lindsay Soo
DC @ RAL,2024-04-06_17-30-00,RAL,DC,2024-04-07 19:20:59,10,2,7,0,1,2,10,1,0,1,2,0,NA,90 Qxhna Titcomb,28 Claire Revere
DC @ RAL,2024-04-06_17-30-00,RAL,DC,2024-04-07 19:26:14,11,3,7,0,0,3,23,3,3,0,2,1,NA,NA,NA
DC @ RAL,2024-04-06_17-30-00,RAL,DC,2024-04-07 20:55:24,12,3,8,0,0,5,22,5,5,0,3,2,NA,NA,NA
DC @ RAL,2024-04-06_17-30-00,RAL,DC,2024-04-07 21:04:43,13,3,9,1,0,1,13,1,1,1,0,0,NA,NA,NA
DC @ RAL,2024-04-06_17-30-00,RAL,DC,2024-04-07 21:10:09,14,3,10,1,0,1,4,1,1,0,0,0,NA,NA,NA
DC @ RAL,2024-04-06_17-30-00,RAL,DC,2024-04-07 21:13:37,15,3,11,1,0,3,11,3,3,0,2,0,NA,NA,NA
DC @ RAL,2024-04-06_17-30-00,RAL,DC,2024-04-07 21:22:25,16,3,12,1,0,2,16,2,2,0,1,0,NA,NA,NA
DC @ RAL,2024-04-06_17-30-00,RAL,DC,2024-04-14 18:46:26,17,3,13,1,0,1,1,1,1,0,0,0,NA,NA,NA
DC @ RAL,2024-04-06_17-30-00,RAL,DC,2024-04-14 18:48:29,18,3,14,1,1,1,4,0,0,0,0,0,03 Grace Conerly,11 Dawn Culton,22 Julia Zwierzynski
DC @ RAL,2024-04-06_17-30-00,RAL,DC,2024-04-14 18:52:28,19,4,14,0,0,0,0,0,0,0,0,0,NA,NA,NA
DC @ RAL,2024-04-06_17-30-00,RAL,DC,2024-04-14 18:53:09,20,4,15,1,1,2,14,1,1,1,1,0,02 Claire Bidigaire-Curtis,33 Erica Birdsong,45 Caitlin Gross
DC @ RAL,2024-04-06_17-30-00,RAL,DC,2024-04-14 18:57:28,21,5,15,0,0,1,2,1,1,1,0,1,NA,NA,NA
DC @ RAL,2024-04-06_17-30-00,RAL,DC,2024-04-14 19:02:13,22,5,16,1,0,1,5,1,1,0,0,0,NA,NA,NA
DC @ RAL,2024-04-06_17-30-00,RAL,DC,2024-04-14 19:04:52,23,5,17,1,0,1,5,1,1,1,0,0,NA,NA,NA
DC @ RAL,2024-04-06_17-30-00,RAL,DC,2024-04-14 19:07:13,24,5,18,1,0,2,11,2,2,0,0,1,NA,NA,NA
DC @ RAL,2024-04-06_17-30-00,RAL,DC,2024-04-14 19:10:55,25,5,19,1,0,1,4,1,1,0,0,0,NA,NA,NA
DC @ RAL,2024-04-06_17-30-00,RAL,DC,2024-04-14 19:12:41,26,5,20,1,0,0,0,0,0,0,0,0,NA,NA,NA
"NASH @ INDY",2024-04-06_17-00-00,INDY,"NASH",2024-04-07 12:54:02,1,0,0,1,1,3,7,2,1,1,2,0,NA,04 Rachel Mast,32 Shani Rosenthal
"NASH @ INDY",2024-04-06_17-00-00,INDY,"NASH",2024-04-07 13:03:37,2,1,0,0,0,0,0,0,0,0,0,0,NA,NA,NA
"NASH @ INDY",2024-04-06_17-00-00,INDY,"NASH",2024-04-07 13:07:59,3,1,1,1,1,1,5,0,0,0,0,0,40 Claire Milton,66 Mya Hernandez,32 Shani Rosenthal
"NASH @ INDY",2024-04-06_17-00-00,INDY,"NASH",2024-04-07 13:13:06,4,2,1,0,1,1,12,0,0,0,0,1,59 Maple Adkins-Threats,23 Lili Hobday,14 Briana Burriss
"NASH @ INDY",2024-04-06_17-00-00,INDY,"NASH",2024-04-07 13:20:33,5,3,1,0,0,0,0,0,0,0,0,0,NA,NA,NA
"NASH @ INDY",2024-04-06_17-00-00,INDY,"NASH",2024-04-07 13:22:53,6,3,2,1,0,1,2,1,1,0,0,0,NA,NA,NA
"NASH @ INDY",2024-04-06_17-00-00,INDY,"NASH",2024-04-07 13:25:21,7,3,3,1,1,1,3,0,0,0,0,0,04 Rachel Mast,32 Shani Rosenthal,24 Abby Swensen
"NASH @ INDY",2024-04-06_17-00-00,INDY,"NASH",2024-04-07 13:28:18,8,4,3,0,0,2,2,2,2,0,0,2,NA,NA,NA
"NASH @ INDY",2024-04-06_17-00-00,INDY,"NASH",2024-04-07 13:33:05,9,4,4,1,1,1,2,0,0,0,0,0,11 Tracey Lo,32 Shani Rosenthal,40 Claire Milton
"NASH @ INDY",2024-04-06_17-00-00,INDY,"NASH",2024-04-07 13:35:03,10,5,4,0,0,1,6,1,1,0,0,1,NA,NA,NA
"NASH @ INDY",2024-04-06_17-00-00,INDY,"NASH",2024-04-07 13:43:01,11,5,5,0,0,2,5,2,2,0,1,1,NA,NA,NA
"NASH @ INDY",2024-04-06_17-00-00,INDY,"NASH",2024-04-07 13:46:40,12,5,6,1,1,1,5,0,0,0,0,0,40 Claire Milton,04 Rachel Mast,24 Abby Swensen
"NASH @ INDY",2024-04-06_17-00-00,INDY,"NASH",2024-04-07 13:49:25,13,6,6,0,1,1,12,0,0,0,0,1,32 Shani Rosenthal,24 Abby Swensen,11 Tracey Lo
"NASH @ INDY",2024-04-06_17-00-00,INDY,"NASH",2024-04-07 14:02:58,14,7,6,0,0,1,2,1,1,0,1,0,NA,NA,NA
"NASH @ INDY",2024-04-06_17-00-00,INDY,"NASH",2024-04-07 14:08:09,15,7,7,1,1,2,10,1,1,0,1,0,29 Emily Schloneger,40 Claire Milton,11 Tracey Lo
"NASH @ INDY",2024-04-06_17-00-00,INDY,"NASH",2024-04-07 14:12:06,16,8,7,0,0,1,9,1,1,0,0,1,NA,NA,NA
"NASH @ INDY",2024-04-06_17-00-00,INDY,"NASH",2024-04-07 14:15:26,17,8,8,1,1,1,7,0,0,0,0,0,29 Emily Schloneger,40 Claire Milton,17 Kristin Dudley
"NASH @ INDY",2024-04-06_17-00-00,INDY,"NASH",2024-04-07 14:18:08,18,9,8,0,1,1,5,0,0,0,0,1,04 Rachel Mast,24 Abby Swensen,32 Shani Rosenthal
"NASH @ INDY",2024-04-06_17-00-00,INDY,"NASH",2024-04-07 19:12:29,19,10,8,0,0,0,0,0,0,0,0,0,NA,NA,NA
"NASH @ INDY",2024-04-06_17-00-00,INDY,"NASH",2024-04-07 19:14:58,20,10,9,1,0,5,17,5,3,2,2,2,NA,NA,NA
"NASH @ INDY",2024-04-06_17-00-00,INDY,"NASH",2024-04-07 19:24:09,21,10,10,1,1,3,13,2,2,0,0,2,40 Claire Milton,29 Emily Schloneger,24 Abby Swensen
"NASH @ INDY",2024-04-06_17-00-00,INDY,"NASH",2024-04-07 19:27:41,22,11,10,0,1,1,11,0,0,0,0,1,18 Laura Gerencser,40 Claire Milton,24 Abby Swensen
"NASH @ INDY",2024-04-06_17-00-00,INDY,"NASH",2024-04-07 19:32:31,23,12,10,0,0,2,15,2,2,0,2,0,NA,NA,NA
"NASH @ INDY",2024-04-06_17-00-00,INDY,"NASH",2024-04-07 22:21:13,24,12,11,1,1,1,5,0,0,0,0,0,40 Claire Milton,32 Shani Rosenthal,66 Mya Hernandez
"NASH @ INDY",2024-04-06_17-00-00,INDY,"NASH",2024-04-07 22:23:17,25,13,11,0,0,1,3,1,0,1,1,0,NA,NA,NA
"NASH @ INDY",2024-04-06_17-00-00,INDY,"NASH",2024-04-07 22:26:19,26,13,12,1,0,2,7,2,2,0,1,0,NA,NA,NA
"NASH @ INDY",2024-04-06_17-00-00,INDY,"NASH",2024-04-07 22:30:57,27,13,13,1,1,1,8,0,0,0,0,0,66 Mya Hernandez,24 Abby Swensen,17 Kristin Dudley
"NASH @ INDY",2024-04-06_17-00-00,INDY,"NASH",2024-04-07 22:33:19,28,14,13,0,1,3,12,2,2,0,2,1,34 Lauren Kitten,40 Claire Milton,24 Abby Swensen
"NASH @ INDY",2024-04-06_17-00-00,INDY,"NASH",2024-04-07 22:40:54,29,15,13,0,0,0,0,0,0,0,0,0,NA,NA,NA
"NASH @ INDY",2024-04-06_17-00-00,INDY,"NASH",2024-04-07 22:42:26,30,15,14,1,0,0,0,0,0,0,0,0,NA,NA,NA
"NASH @ INDY",2024-04-06_17-00-00,"NASH",INDY,2024-04-08 11:42:13,1,0,0,0,0,2,4,2,2,0,0,2,NA,NA,NA
"NASH @ INDY",2024-04-06_17-00-00,"NASH",INDY,2024-04-08 11:51:39,2,0,1,1,1,1,16,0,0,0,0,0,08 Grace Robinson,28 Margie Quinn,27 Katharine Gilbert
"NASH @ INDY",2024-04-06_17-00-00,"NASH",INDY,2024-04-08 12:01:57,3,1,1,0,0,0,0,0,0,0,0,0,NA,NA,NA
"NASH @ INDY",2024-04-06_17-00-00,"NASH",INDY,2024-04-08 12:05:41,4,1,2,1,0,1,1,1,1,0,0,0,NA,NA,NA
"NASH @ INDY",2024-04-06_17-00-00,"NASH",INDY,2024-04-08 12:08:19,5,1,3,1,1,1,7,0,0,0,0,0,12 Meaghan Creamer,45 Sylvia Brown,06 Micah Roberts
"NASH @ INDY",2024-04-06_17-00-00,"NASH",INDY,2024-04-08 12:12:35,6,2,3,0,1,1,10,0,0,0,1,0,45 Sylvia Brown,02 Sierra Rimmer,21 Elena Rubino
"NASH @ INDY",2024-04-06_17-00-00,"NASH",INDY,2024-04-08 12:18:36,7,3,3,0,0,0,0,0,0,0,0,0,NA,NA,NA
"NASH @ INDY",2024-04-06_17-00-00,"NASH",INDY,2024-04-08 12:19:38,8,3,4,1,1,3,27,2,2,0,1,1,10 Tori Taylor,28 Margie Quinn,10 Tori Taylor
"NASH @ INDY",2024-04-06_17-00-00,"NASH",INDY,2024-04-08 12:25:49,9,4,4,0,0,0,0,0,0,0,0,0,NA,NA,NA
"NASH @ INDY",2024-04-06_17-00-00,"NASH",INDY,2024-04-08 12:28:08,10,4,5,1,0,2,7,2,2,0,1,0,NA,NA,NA
"NASH @ INDY",2024-04-06_17-00-00,"NASH",INDY,2024-04-08 12:30:43,11,4,6,1,1,3,30,2,2,0,2,0,08 Grace Robinson,28 Margie Quinn,16 Emily Branson
"NASH @ INDY",2024-04-06_17-00-00,"NASH",INDY,2024-04-08 12:38:09,12,5,6,0,0,0,0,0,0,0,0,0,NA,NA,NA
"NASH @ INDY",2024-04-06_17-00-00,"NASH",INDY,2024-04-08 12:40:17,13,5,7,1,0,1,7,1,1,0,0,0,NA,NA,NA
"NASH @ INDY",2024-04-06_17-00-00,"NASH",INDY,2024-04-08 12:45:08,14,5,8,1,1,2,22,1,1,0,0,1,45 Sylvia Brown,24 Mia Letterie,12 Meaghan Creamer
"NASH @ INDY",2024-04-06_17-00-00,"NASH",INDY,2024-04-08 12:52:05,15,6,8,0,0,1,5,1,1,0,1,0,NA,NA,NA
"NASH @ INDY",2024-04-06_17-00-00,"NASH",INDY,2024-04-08 12:56:40,16,6,9,1,1,2,14,1,1,0,1,0,20 Noel Holmes,24 Mia Letterie,45 Sylvia Brown
"NASH @ INDY",2024-04-06_17-00-00,"NASH",INDY,2024-04-08 13:01:04,17,7,9,0,0,0,0,0,0,0,0,0,NA,NA,NA
"NASH @ INDY",2024-04-06_17-00-00,"NASH",INDY,2024-04-08 15:33:13,18,7,10,0,0,0,0,0,0,0,0,0,NA,NA,NA
"NASH @ INDY",2024-04-06_17-00-00,"NASH",INDY,2024-04-08 15:35:32,19,7,11,1,1,1,4,0,0,0,0,0,27 Katharine Gilbert,10 Tori Taylor,22 Rebecca Henley
"NASH @ INDY",2024-04-06_17-00-00,"NASH",INDY,2024-04-08 15:37:28,20,8,11,0,1,5,27,4,3,1,1,4,22 Rebecca Henley,24 Mia Letterie,72 Grace Castro
"NASH @ INDY",2024-04-06_17-00-00,"NASH",INDY,2024-04-08 15:49:21,21,9,11,0,0,2,11,2,2,0,0,2,NA,NA,NA
"NASH @ INDY",2024-04-06_17-00-00,"NASH",INDY,2024-04-08 15:54:50,22,9,12,1,0,1,13,1,1,0,0,0,NA,NA,NA
"NASH @ INDY",2024-04-06_17-00-00,"NASH",INDY,2024-04-08 15:59:20,23,9,13,1,1,3,22,2,2,0,2,0,10 Tori Taylor,16 Emily Branson,28 Margie Quinn
"NASH @ INDY",2024-04-06_17-00-00,"NASH",INDY,2024-04-08 16:06:52,24,10,13,0,0,0,0,0,0,0,0,0,NA,NA,NA
"NASH @ INDY",2024-04-06_17-00-00,"NASH",INDY,2024-04-08 16:09:19,25,10,14,1,1,2,11,1,1,0,0,1,16 Emily Branson,28 Margie Quinn,10 Tori Taylor
"NASH @ INDY",2024-04-06_17-00-00,"NASH",INDY,2024-04-08 16:12:34,26,11,14,0,1,2,11,1,1,0,0,2,72 Grace Castro,10 Tori Taylor,27 Katharine Gilbert
"NASH @ INDY",2024-04-06_17-00-00,"NASH",INDY,2024-04-08 16:18:14,27,12,14,0,0,0,0,0,0,0,0,0,NA,NA,NA
"NASH @ INDY",2024-04-06_17-00-00,"NASH",INDY,2024-04-08 16:20:30,28,12,15,1,0,3,15,3,3,0,1,1,NA,NA,NA
"NASH @ INDY",2024-04-06_17-00-00,"NASH",INDY,2024-04-08 16:26:22,29,12,16,1,1,1,4,0,0,0,0,0,10 Tori Taylor,16 Emily Branson,08 Grace Robinson
"NASH @ INDY",2024-04-06_17-00-00,"NASH",INDY,2024-04-08 16:27:57,30,13,16,0,0,0,0,0,0,0,0,0,NA,NA,NA
MKE @ NY,2024-04-13_17-00-00,MKE,NY,2024-04-13 17:24:54,1,0,0,0,1,4,12,3,1,2,2,2,22 Alex Ballinger,72 Jacqueline Jarik,97 Eileen Bequette
MKE @ NY,2024-04-13_17-00-00,MKE,NY,2024-04-13 17:42:01,2,1,0,0,0,1,5,1,0,1,1,0,NA,NA,NA
MKE @ NY,2024-04-13_17-00-00,MKE,NY,2024-04-13 17:47:54,3,1,1,1,0,1,5,1,1,0,0,0,NA,NA,NA
MKE @ NY,2024-04-13_17-00-00,MKE,NY,2024-04-13 17:53:23,4,1,2,1,0,3,7,3,2,1,0,2,NA,NA,NA
MKE @ NY,2024-04-13_17-00-00,MKE,NY,2024-04-13 18:00:35,5,1,3,1,0,1,3,1,1,0,0,0,NA,NA,NA
MKE @ NY,2024-04-13_17-00-00,MKE,NY,2024-04-13 18:03:50,6,1,4,1,1,1,3,0,0,0,0,0,19 Emily Cohen,08 Manhua Zhu,21 Annie Shriver
MKE @ NY,2024-04-13_17-00-00,MKE,NY,2024-04-13 18:05:36,7,2,4,0,1,2,15,1,1,1,0,2,00 Donna Johnston,12 Sydney French,72 Jacqueline Jarik
MKE @ NY,2024-04-13_17-00-00,MKE,NY,2024-04-13 18:13:46,8,3,4,0,1,1,1,0,0,0,0,1,NA,52 Erynn Schroeder,10 Chelsea Twohig
MKE @ NY,2024-04-13_17-00-00,MKE,NY,2024-04-13 18:16:23,9,4,4,1,0,4,17,4,4,0,2,2,NA,NA,NA
MKE @ NY,2024-04-13_17-00-00,MKE,NY,2024-04-13 18:29:04,10,4,5,1,0,4,9,4,3,1,2,1,NA,NA,NA
MKE @ NY,2024-04-13_17-00-00,MKE,NY,2024-04-13 18:36:14,11,4,6,1,1,2,3,1,1,0,0,1,NA,08 Manhua Zhu,13 Erin Newman
MKE @ NY,2024-04-13_17-00-00,MKE,NY,2024-04-13 18:38:21,12,5,6,0,0,0,0,0,0,0,0,0,NA,NA,NA
MKE @ NY,2024-04-13_17-00-00,MKE,NY,2024-04-13 18:40:04,13,5,7,1,0,2,5,2,2,0,0,1,NA,NA,NA
MKE @ NY,2024-04-13_17-00-00,MKE,NY,2024-04-13 18:43:26,14,5,8,1,1,2,7,1,0,1,0,1,NA,10 Chelsea Twohig,12 Sydney French
MKE @ NY,2024-04-13_17-00-00,MKE,NY,2024-04-13 18:47:45,15,6,8,0,1,3,8,2,1,1,2,1,22 Alex Ballinger,72 Jacqueline Jarik,07 Sydney Stelzer
MKE @ NY,2024-04-13_17-00-00,MKE,NY,2024-04-13 18:53:32,16,7,8,0,0,0,0,0,0,0,0,0,NA,NA,NA
MKE @ NY,2024-04-13_17-00-00,MKE,NY,2024-04-13 18:55:22,17,7,9,1,1,2,23,1,1,0,1,0,17 Caitlin Duffner,52 Erynn Schroeder,27 Stef Bugasch
MKE @ NY,2024-04-13_17-00-00,MKE,NY,2024-04-13 19:03:46,18,8,9,0,0,0,0,0,0,0,0,0,NA,NA,NA
MKE @ NY,2024-04-13_17-00-00,MKE,NY,2024-04-13 20:06:41,19,8,10,1,0,1,4,1,1,0,0,0,NA,NA,NA
MKE @ NY,2024-04-13_17-00-00,MKE,NY,2024-04-13 20:11:47,20,8,11,1,0,1,2,1,0,1,0,0,NA,NA,NA
MKE @ NY,2024-04-13_17-00-00,MKE,NY,2024-04-13 20:13:48,21,8,12,1,1,2,10,1,1,0,1,0,05 Rose Glinka,21 Annie Shriver,88 Claire Kelley
MKE @ NY,2024-04-13_17-00-00,MKE,NY,2024-04-13 20:17:10,22,9,12,0,1,2,7,1,1,0,1,1,22 Alex Ballinger,72 Jacqueline Jarik,97 Eileen Bequette
MKE @ NY,2024-04-13_17-00-00,MKE,NY,2024-04-13 20:21:28,23,10,12,0,1,1,5,0,0,0,0,1,12 Sydney French,72 Jacqueline Jarik,12 Sydney French
MKE @ NY,2024-04-13_17-00-00,MKE,NY,2024-04-13 20:26:06,24,11,12,0,0,0,0,0,0,0,0,0,NA,NA,NA
MKE @ NY,2024-04-13_17-00-00,MKE,NY,2024-04-13 20:28:26,25,11,13,1,1,1,9,0,0,0,0,0,52 Erynn Schroeder,05 Rose Glinka,17 Caitlin Duffner
MKE @ NY,2024-04-13_17-00-00,MKE,NY,2024-04-13 20:32:18,26,12,13,0,0,0,0,0,0,0,0,0,NA,NA,NA
MKE @ NY,2024-04-13_17-00-00,MKE,NY,2024-04-13 20:34:10,27,12,14,1,1,1,3,0,0,0,0,0,05 Rose Glinka,52 Erynn Schroeder,17 Caitlin Duffner
MKE @ NY,2024-04-13_17-00-00,MKE,NY,2024-04-13 20:35:42,28,13,14,0,0,0,0,0,0,0,0,0,NA,NA,NA
MKE @ NY,2024-04-13_17-00-00,MKE,NY,2024-04-13 20:36:52,29,13,15,1,1,3,17,2,2,0,1,1,22 Alex Ballinger,52 Erynn Schroeder,21 Annie Shriver
MKE @ NY,2024-04-13_17-00-00,MKE,NY,2024-04-13 20:42:46,30,14,15,1,0,1,3,1,1,0,0,0,NA,NA,NA
MKE @ NY,2024-04-13_17-00-00,MKE,NY,2024-04-13 20:44:32,31,14,16,1,0,3,6,3,3,0,1,1,NA,NA,NA
MKE @ NY,2024-04-13_17-00-00,MKE,NY,2024-04-13 20:48:17,32,14,17,1,1,1,5,0,0,0,0,0,17 Caitlin Duffner,21 Annie Shriver,17 Caitlin Duffner
MKE @ NY,2024-04-13_17-00-00,MKE,NY,2024-04-13 20:50:39,33,15,17,0,0,2,3,2,2,1,1,1,NA,NA,NA
MKE @ NY,2024-04-13_17-00-00,MKE,NY,2024-04-13 20:55:15,34,15,18,1,1,2,13,1,1,0,0,1,27 Stef Bugasch,52 Erynn Schroeder,05 Rose Glinka
MKE @ NY,2024-04-13_17-00-00,MKE,NY,2024-04-13 20:57:55,35,16,18,0,0,1,1,1,1,0,1,0,NA,NA,NA
MKE @ NY,2024-04-13_17-00-00,MKE,NY,2024-04-13 20:59:46,36,16,19,1,1,1,3,0,0,0,0,0,52 Erynn Schroeder,97 Eileen Bequette,99 Dana Demmert
MKE @ NY,2024-04-13_17-00-00,MKE,NY,2024-04-13 21:01:50,37,17,19,0,0,0,0,0,0,0,0,0,NA,NA,NA
MKE @ NY,2024-04-13_17-00-00,MKE,NY,2024-04-13 21:04:33,38,17,20,1,0,2,5,2,2,0,0,1,NA,NA,NA
MKE @ NY,2024-04-13_17-00-00,NY,MKE,2024-04-15 18:18:29,1,0,0,1,0,4,16,4,2,2,1,2,NA,NA,NA
MKE @ NY,2024-04-13_17-00-00,NY,MKE,2024-04-15 18:28:22,2,0,1,1,1,2,15,1,1,0,0,1,NA,24 Jolie Krebs,NA
MKE @ NY,2024-04-13_17-00-00,NY,MKE,2024-04-15 18:35:57,3,1,1,0,1,1,7,0,0,0,0,1,88 Nikki Hair,65 Anna Lieberman,62 Casey Banta-Ryan
MKE @ NY,2024-04-13_17-00-00,NY,MKE,2024-04-15 18:37:07,4,2,1,0,1,3,14,2,1,1,0,3,NA,96 Nina Finley,44 Kayla Seeger
MKE @ NY,2024-04-13_17-00-00,NY,MKE,2024-04-15 18:41:20,5,3,1,0,1,1,1,0,0,0,0,1,NA,20 Yina Cartagena,31 Eli Presberg
MKE @ NY,2024-04-13_17-00-00,NY,MKE,2024-04-15 18:44:28,6,4,1,0,0,0,0,0,0,0,0,0,NA,NA,NA
MKE @ NY,2024-04-13_17-00-00,NY,MKE,2024-04-15 18:46:09,7,4,2,1,0,2,6,2,1,1,1,0,NA,NA,NA
MKE @ NY,2024-04-13_17-00-00,NY,MKE,2024-04-15 18:50:10,8,4,3,1,0,1,6,1,1,0,0,0,NA,NA,NA
MKE @ NY,2024-04-13_17-00-00,NY,MKE,2024-04-15 18:52:24,9,4,4,1,1,2,7,2,2,0,2,0,NA,NA,NA
MKE @ NY,2024-04-13_17-00-00,NY,MKE,2024-04-15 19:22:04,10,5,4,0,1,2,4,1,1,0,1,1,NA,96 Nina Finley,88 Nikki Hair
MKE @ NY,2024-04-13_17-00-00,NY,MKE,2024-04-15 19:25:07,11,6,4,0,1,4,15,3,3,1,1,3,33 Valeria Cardenas,20 Yina Cartagena,33 Valeria Cardenas
MKE @ NY,2024-04-13_17-00-00,NY,MKE,2024-04-15 19:31:03,12,7,4,0,0,1,2,1,1,1,1,0,NA,NA,NA
MKE @ NY,2024-04-13_17-00-00,NY,MKE,2024-04-15 19:33:25,13,7,5,1,1,1,7,0,0,0,0,0,02 Jolene Zheng,20 Yina Cartagena,23 Linnea Soo
MKE @ NY,2024-04-13_17-00-00,NY,MKE,2024-04-15 19:36:35,14,8,5,0,1,2,12,1,1,0,0,2,97 Hannah Glick,20 Yina Cartagena,00 Genny De Jesus
MKE @ NY,2024-04-13_17-00-00,NY,MKE,2024-04-15 19:39:52,15,9,5,0,0,1,3,1,1,0,0,1,NA,NA,NA
MKE @ NY,2024-04-13_17-00-00,NY,MKE,2024-04-15 19:42:02,16,9,6,1,0,3,7,3,3,1,1,1,NA,NA,NA
MKE @ NY,2024-04-13_17-00-00,NY,MKE,2024-04-15 19:44:40,17,9,7,1,1,1,8,0,0,0,0,0,20 Yina Cartagena,33 Valeria Cardenas,00 Genny De Jesus
MKE @ NY,2024-04-13_17-00-00,NY,MKE,2024-04-15 19:46:30,18,10,7,0,0,1,6,1,1,0,1,0,NA,NA,NA
MKE @ NY,2024-04-13_17-00-00,NY,MKE,2024-04-15 19:50:36,19,10,8,1,1,1,7,0,0,0,0,0,20 Yina Cartagena,33 Valeria Cardenas,20 Yina Cartagena
MKE @ NY,2024-04-13_17-00-00,NY,MKE,2024-04-15 19:52:55,20,11,8,0,1,1,5,0,0,0,0,1,96 Nina Finley,33 Valeria Cardenas,24 Jolie Krebs
MKE @ NY,2024-04-13_17-00-00,NY,MKE,2024-04-15 19:55:16,21,12,8,0,1,1,4,0,0,0,0,1,62 Casey Banta-Ryan,18 Kylie Sterling,26 Mariabelen Restrepo
MKE @ NY,2024-04-13_17-00-00,NY,MKE,2024-04-15 19:56:33,22,13,8,0,0,1,3,1,1,0,1,0,NA,NA,NA
MKE @ NY,2024-04-13_17-00-00,NY,MKE,2024-04-15 19:58:38,23,13,9,1,0,2,14,2,2,0,1,0,NA,NA,NA
MKE @ NY,2024-04-13_17-00-00,NY,MKE,2024-04-15 20:01:03,24,13,10,1,0,1,7,1,1,0,0,0,NA,NA,NA
MKE @ NY,2024-04-13_17-00-00,NY,MKE,2024-04-15 20:03:11,25,13,11,1,1,1,14,0,0,0,0,0,00 Genny De Jesus,24 Jolie Krebs,00 Genny De Jesus
MKE @ NY,2024-04-13_17-00-00,NY,MKE,2024-04-15 20:05:59,26,14,11,0,0,0,0,0,0,0,0,0,NA,NA,NA
MKE @ NY,2024-04-13_17-00-00,NY,MKE,2024-04-15 20:08:28,27,14,12,1,1,1,9,0,0,0,0,0,20 Yina Cartagena,97 Hannah Glick,02 Jolene Zheng
MKE @ NY,2024-04-13_17-00-00,NY,MKE,2024-04-15 20:10:24,28,15,12,0,0,0,0,0,0,0,0,0,NA,NA,NA
MKE @ NY,2024-04-13_17-00-00,NY,MKE,2024-04-15 20:11:32,29,15,13,1,1,1,5,0,0,0,0,0,33 Valeria Cardenas,09 Cassandra Brown,33 Valeria Cardenas
MKE @ NY,2024-04-13_17-00-00,NY,MKE,2024-04-15 20:12:51,30,16,13,0,0,2,10,2,1,1,0,2,NA,NA,NA
MKE @ NY,2024-04-13_17-00-00,NY,MKE,2024-04-15 20:16:51,31,16,14,0,1,1,8,0,0,0,1,0,31 Eli Presberg,20 Yina Cartagena,00 Genny De Jesus
MKE @ NY,2024-04-13_17-00-00,NY,MKE,2024-04-15 20:19:05,32,17,14,0,1,3,11,2,2,0,0,3,33 Valeria Cardenas,24 Jolie Krebs,44 Kayla Seeger
MKE @ NY,2024-04-13_17-00-00,NY,MKE,2024-04-15 20:22:48,33,18,14,0,0,0,0,0,0,0,0,0,NA,NA,NA
MKE @ NY,2024-04-13_17-00-00,NY,MKE,2024-04-15 20:24:35,34,18,15,1,1,3,19,2,2,0,2,0,24 Jolie Krebs,20 Yina Cartagena,11 Emma Berrigan
MKE @ NY,2024-04-13_17-00-00,NY,MKE,2024-04-15 20:30:45,35,19,15,0,0,1,3,1,1,0,1,0,NA,NA,NA
MKE @ NY,2024-04-13_17-00-00,NY,MKE,2024-04-15 20:33:04,36,19,16,1,1,2,9,1,0,1,0,1,00 Genny De Jesus,20 Yina Cartagena,33 Valeria Cardenas
MKE @ NY,2024-04-13_17-00-00,NY,MKE,2024-04-15 20:35:29,37,20,16,0,0,0,0,0,0,0,0,0,NA,NA,NA
MKE @ NY,2024-04-13_17-00-00,NY,MKE,2024-04-15 20:36:38,38,20,17,1,1,1,9,0,0,0,0,0,33 Valeria Cardenas,20 Yina Cartagena,09 Cassandra Brown
MKE @ NY,2024-04-13_17-00-00,NY,MKE,2024-04-15 20:38:15,39,21,17,0,1,1,15,1,1,0,1,1,NA,NA,NA
MKE @ NY,2024-04-13_17-00-00,NY,MKE,2024-04-15 20:41:19,40,22,17,0,0,0,0,0,0,0,0,0,NA,NA,NA
MKE @ PHL,2024-04-14_16-45-00,MKE,PHL,2024-04-16 21:00:54,1,0,0,1,0,3,11,3,3,0,2,0,NA,NA,NA
MKE @ PHL,2024-04-14_16-45-00,MKE,PHL,2024-04-16 21:05:25,2,0,1,1,0,5,10,5,3,2,2,2,NA,NA,NA
MKE @ PHL,2024-04-14_16-45-00,MKE,PHL,2024-04-16 21:14:29,3,0,2,1,0,4,9,4,3,1,0,3,NA,NA,NA
MKE @ PHL,2024-04-14_16-45-00,MKE,PHL,2024-04-16 21:19:22,4,0,3,1,0,3,10,3,2,1,0,2,NA,NA,NA
MKE @ PHL,2024-04-14_16-45-00,MKE,PHL,2024-04-16 21:25:52,5,0,4,1,0,3,6,3,3,0,1,1,NA,NA,NA
MKE @ PHL,2024-04-14_16-45-00,MKE,PHL,2024-04-16 21:30:44,6,0,5,1,0,5,18,5,4,1,0,4,NA,NA,NA
MKE @ PHL,2024-04-14_16-45-00,MKE,PHL,2024-04-16 21:38:45,7,0,6,1,0,1,4,1,1,0,0,0,NA,NA,NA
MKE @ PHL,2024-04-14_16-45-00,MKE,PHL,2024-04-16 21:41:33,8,0,7,1,1,1,8,0,0,0,0,0,32 Mickela Heilicher,99 Dana Demmert,10 Chelsea Twohig
MKE @ PHL,2024-04-14_16-45-00,MKE,PHL,2024-04-16 21:45:20,9,1,7,0,0,1,3,1,1,0,0,1,NA,NA,NA
MKE @ PHL,2024-04-14_16-45-00,MKE,PHL,2024-04-16 21:51:47,10,1,8,1,0,2,9,2,1,1,0,1,NA,NA,NA
MKE @ PHL,2024-04-14_16-45-00,MKE,PHL,2024-04-16 22:00:10,11,1,9,1,0,2,14,2,1,1,1,0,NA,NA,NA
MKE @ PHL,2024-04-14_16-45-00,MKE,PHL,2024-04-16 22:05:17,12,1,10,1,1,1,2,0,0,0,0,0,32 Mickela Heilicher,10 Chelsea Twohig,97 Eileen Bequette
MKE @ PHL,2024-04-14_16-45-00,MKE,PHL,2024-04-16 22:06:52,13,2,10,0,0,0,0,0,0,0,0,0,NA,NA,NA
MKE @ PHL,2024-04-14_16-45-00,MKE,PHL,2024-04-16 22:08:20,14,2,11,1,0,1,2,1,0,1,0,0,NA,NA,NA
MKE @ PHL,2024-04-14_16-45-00,MKE,PHL,2024-04-16 22:09:44,15,2,12,1,0,9,24,9,7,3,1,7,NA,NA,NA
MKE @ PHL,2024-04-14_16-45-00,MKE,PHL,2024-04-16 22:20:41,16,2,13,0,1,6,20,5,2,3,2,3,97 Eileen Bequette,10 Chelsea Twohig,12 Sydney French
MKE @ PHL,2024-04-14_16-45-00,MKE,PHL,2024-04-16 22:30:31,17,3,13,0,0,0,0,0,0,0,0,0,NA,NA,NA
MKE @ PHL,2024-04-14_16-45-00,MKE,PHL,2024-04-16 22:31:17,18,3,14,1,0,2,3,2,1,1,0,1,NA,NA,NA
MKE @ PHL,2024-04-14_16-45-00,MKE,PHL,2024-04-16 22:35:34,19,3,15,1,1,1,8,0,0,0,0,0,22 Alex Ballinger,10 Chelsea Twohig,72 Jacqueline Jarik
MKE @ PHL,2024-04-14_16-45-00,MKE,PHL,2024-04-16 22:37:10,20,4,15,0,0,4,10,4,4,0,2,2,NA,NA,NA
MKE @ PHL,2024-04-14_16-45-00,MKE,PHL,2024-04-16 22:42:35,21,4,16,1,0,1,1,1,1,0,0,1,NA,NA,NA
MKE @ PHL,2024-04-14_16-45-00,PHL,MKE,2024-04-15 08:24:16,1,0,0,0,1,3,13,2,2,1,2,1,NA,04 Raha Mozaffari,08 Emma Soiles
MKE @ PHL,2024-04-14_16-45-00,PHL,MKE,2024-04-15 08:38:07,2,1,0,0,1,5,25,4,3,2,1,4,10 Andrea DeSabato,23 Natalie Bova,00 Emilie Mohler
MKE @ PHL,2024-04-14_16-45-00,PHL,MKE,2024-04-15 08:55:02,3,2,0,0,1,4,9,3,0,3,1,3,13 Kat Harper,21 Linda Morse,08 Emma Soiles
MKE @ PHL,2024-04-14_16-45-00,PHL,MKE,2024-04-15 09:02:20,4,3,0,0,0,1,4,1,1,0,0,1,NA,NA,NA
MKE @ PHL,2024-04-14_16-45-00,PHL,MKE,2024-04-15 09:05:44,5,3,1,1,1,2,4,1,1,0,1,0,23 Natalie Bova,10 Andrea DeSabato,01 Emily Shields
MKE @ PHL,2024-04-14_16-45-00,PHL,MKE,2024-04-15 09:11:07,6,4,1,0,1,3,7,2,1,1,2,1,08 Emma Soiles,21 Linda Morse,18 Sumi Onoe
MKE @ PHL,2024-04-14_16-45-00,PHL,MKE,2024-04-15 09:16:24,7,5,1,0,1,5,6,4,2,2,3,2,NA,04 Raha Mozaffari,13 Kat Harper
MKE @ PHL,2024-04-14_16-45-00,PHL,MKE,2024-04-15 09:22:58,8,6,1,0,1,1,3,0,0,0,0,1,15 Layne Dodge,21 Linda Morse,08 Emma Soiles
MKE @ PHL,2024-04-14_16-45-00,PHL,MKE,2024-04-15 09:25:43,9,7,1,0,0,0,0,0,0,0,0,0,NA,NA,NA
MKE @ PHL,2024-04-14_16-45-00,PHL,MKE,2024-04-15 09:29:33,10,7,2,1,1,2,40,1,1,0,0,1,16 Grace Maroon,03 Rachel Alfano,16 Grace Maroon
MKE @ PHL,2024-04-14_16-45-00,PHL,MKE,2024-04-15 09:39:47,11,8,2,0,0,1,6,1,0,1,1,0,NA,NA,NA
MKE @ PHL,2024-04-14_16-45-00,PHL,MKE,2024-04-15 09:42:50,12,8,3,0,1,1,9,0,0,0,0,1,00 Emilie Mohler,11 Sara Liang,08 Emma Soiles
MKE @ PHL,2024-04-14_16-45-00,PHL,MKE,2024-04-15 09:49:25,13,9,3,0,1,2,4,1,1,0,1,1,04 Raha Mozaffari,05 Lindsay McKenna,13 Kat Harper
MKE @ PHL,2024-04-14_16-45-00,PHL,MKE,2024-04-15 09:55:45,14,10,3,0,0,0,0,0,0,0,0,0,NA,NA,NA
MKE @ PHL,2024-04-14_16-45-00,PHL,MKE,2024-04-15 09:57:28,15,10,4,1,1,1,3,0,0,0,0,0,16 Grace Maroon,20 Danielle Walsh,09 Sarah Hirannet
MKE @ PHL,2024-04-14_16-45-00,PHL,MKE,2024-04-15 09:59:44,16,11,4,0,1,1,1,0,0,0,0,1,NA,04 Raha Mozaffari,18 Sumi Onoe
MKE @ PHL,2024-04-14_16-45-00,PHL,MKE,2024-04-15 10:01:17,17,12,4,0,1,9,19,8,5,4,6,3,NA,11 Sara Liang,21 Linda Morse
MKE @ PHL,2024-04-14_16-45-00,PHL,MKE,2024-04-15 10:29:23,18,13,4,0,0,1,1,1,1,0,0,1,NA,NA,NA
MKE @ PHL,2024-04-14_16-45-00,PHL,MKE,2024-04-15 10:33:00,19,13,5,1,0,4,49,4,1,3,1,2,NA,NA,NA
MKE @ PHL,2024-04-14_16-45-00,PHL,MKE,2024-04-15 11:00:19,20,13,6,1,1,1,2,0,0,0,0,0,04 Raha Mozaffari,21 Linda Morse,15 Layne Dodge
MKE @ PHL,2024-04-14_16-45-00,PHL,MKE,2024-04-15 11:02:48,21,14,6,0,1,2,8,1,1,0,1,1,04 Raha Mozaffari,13 Kat Harper,24 Casey Gorman
MKE @ PHL,2024-04-14_16-45-00,PHL,MKE,2024-04-15 11:06:53,22,15,6,0,0,0,0,0,0,0,0,0,NA,NA,NA
MKE @ PHL,2024-04-14_16-45-00,PHL,MKE,2024-04-15 11:08:40,23,15,7,1,1,5,27,4,4,0,2,2,09 Sarah Hirannet,01 Emily Shields,16 Grace Maroon
MKE @ PHL,2024-04-14_16-45-00,PHL,MKE,2024-04-15 11:17:40,24,16,7,0,1,1,2,0,0,0,1,0,05 Lindsay McKenna,08 Emma Soiles,05 Lindsay McKenna
MKE @ PHL,2024-04-14_16-45-00,PHL,MKE,2024-04-15 11:21:58,25,17,7,0,0,0,0,0,0,0,0,0,NA,NA,NA
"NASH @ DC",2024-04-14_10-03-45,DC,"NASH",4/14/2024 10:04,1,0,0,1,1,2,16,1,0,1,0,1,23 Lisa Dang,08 Kathryn Ritzman,19 Allie Wallace
"NASH @ DC",2024-04-14_10-03-45,DC,"NASH",4/14/2024 10:11,2,1,0,0,0,0,0,0,0,0,0,0,NA,NA,NA
"NASH @ DC",2024-04-14_10-03-45,DC,"NASH",4/14/2024 10:13,3,1,1,1,1,2,13,1,1,0,1,0,13 Sami Smalling,66 Jackie Wang,07 Kami Groom
"NASH @ DC",2024-04-14_10-03-45,DC,"NASH",4/14/2024 10:27,4,2,1,0,1,2,6,1,0,1,0,2,37 Claire Trop,16 Margaret Walker,37 Claire Trop
"NASH @ DC",2024-04-14_10-03-45,DC,"NASH",4/14/2024 10:32,5,3,1,0,1,1,5,0,0,0,0,1,26 Jessica Sourbeer,24 Jamie Eriksson,06 Laureen Johnson
"NASH @ DC",2024-04-14_10-03-45,DC,"NASH",4/14/2024 10:35,6,4,1,0,1,2,13,1,0,1,0,2,42 Lisi Lohre,00 Emma Jones,15 Florence Brooks
"NASH @ DC",2024-04-14_10-03-45,DC,"NASH",4/14/2024 10:42,7,5,1,0,0,2,3,2,1,1,0,2,NA,NA,NA
"NASH @ DC",2024-04-14_10-03-45,DC,"NASH",4/14/2024 10:56,8,5,2,0,0,2,7,2,1,1,1,1,NA,NA,NA
"NASH @ DC",2024-04-14_10-03-45,DC,"NASH",4/14/2024 11:09,9,5,3,0,1,1,6,0,0,0,1,0,36 Carolyn Normile,09 Annalise Peters,01 Ashleigh Jentilet
"NASH @ DC",2024-04-14_10-03-45,DC,"NASH",4/14/2024 11:11,10,6,3,0,1,2,11,1,1,0,1,1,66 Jackie Wang,42 Lisi Lohre,15 Florence Brooks
"NASH @ DC",2024-04-14_10-03-45,DC,"NASH",4/14/2024 11:16,11,7,3,0,0,2,4,2,1,1,0,2,NA,NA,NA
"NASH @ DC",2024-04-14_10-03-45,DC,"NASH",4/14/2024 11:21,12,7,4,1,1,2,7,1,0,1,1,0,26 Jessica Sourbeer,09 Annalise Peters,37 Claire Trop
"NASH @ DC",2024-04-14_10-03-45,DC,"NASH",4/14/2024 11:24,13,8,4,0,1,1,10,0,0,0,0,1,13 Sami Smalling,15 Florence Brooks,42 Lisi Lohre
"NASH @ DC",2024-04-14_10-03-45,DC,"NASH",4/14/2024 11:29,14,9,4,0,1,2,14,1,0,1,1,1,21 Jess Oh,05 Marie Perivier,21 Jess Oh
"NASH @ DC",2024-04-14_10-03-45,DC,"NASH",4/14/2024 11:40,15,10,4,1,1,2,5,1,1,0,1,0,09 Annalise Peters,24 Jamie Eriksson,01 Ashleigh Jentilet
"NASH @ DC",2024-04-14_10-03-45,DC,"NASH",4/14/2024 11:57,16,11,4,0,1,1,2,0,0,0,1,0,37 Claire Trop,66 Jackie Wang,07 Kami Groom
"NASH @ DC",2024-04-14_10-03-45,DC,"NASH",4/14/2024 12:00,17,12,4,0,1,1,8,0,0,0,1,0,16 Margaret Walker,19 Allie Wallace,08 Kathryn Ritzman
"NASH @ DC",2024-04-14_10-03-45,DC,"NASH",4/14/2024 12:05,18,13,4,0,1,4,23,3,3,0,2,2,22 Erin McCann,26 Jessica Sourbeer,06 Laureen Johnson
"NASH @ DC",2024-04-14_10-03-45,DC,"NASH",4/14/2024 12:13,19,14,4,0,1,1,3,0,0,0,0,1,13 Sami Smalling,37 Claire Trop,07 Kami Groom
"NASH @ DC",2024-04-14_10-03-45,DC,"NASH",4/14/2024 12:15,20,15,4,0,1,2,6,1,1,0,0,2,08 Kathryn Ritzman,21 Jess Oh,05 Marie Perivier
"NASH @ DC",2024-04-14_10-03-45,DC,"NASH",4/14/2024 12:19,21,16,4,0,0,2,4,2,2,0,2,0,NA,NA,NA
"NASH @ DC",2024-04-14_10-03-45,DC,"NASH",4/14/2024 12:25,22,16,5,0,1,2,7,1,1,0,2,0,NA,13 Sami Smalling,66 Jackie Wang
"NASH @ DC",2024-04-14_10-03-45,DC,"NASH",4/14/2024 12:38,23,17,5,0,1,1,7,0,0,0,0,1,37 Claire Trop,16 Margaret Walker,21 Jess Oh
"NASH @ DC",2024-04-14_10-03-45,DC,"NASH",4/14/2024 12:40,24,18,5,0,0,0,0,0,0,0,0,0,NA,NA,NA
"NASH @ DC",2024-04-14_10-03-45,DC,"NASH",4/14/2024 12:43,25,18,6,1,1,1,3,0,0,0,0,0,07 Kami Groom,04 Ellen Mueller,15 Florence Brooks
"NASH @ DC",2024-04-14_10-03-45,DC,"NASH",4/14/2024 12:46,26,19,6,0,1,1,5,0,0,0,0,1,21 Jess Oh,05 Marie Perivier,19 Allie Wallace
"NASH @ DC",2024-04-14_10-03-45,DC,"NASH",4/14/2024 12:52,27,20,6,0,1,1,3,0,0,0,0,1,26 Jessica Sourbeer,09 Annalise Peters,06 Laureen Johnson
"NASH @ DC",2024-04-14_10-03-45,DC,"NASH",4/14/2024 12:55,28,21,6,0,0,0,0,0,0,0,0,0,NA,NA,NA
"NASH @ DC",2024-04-14_10-03-45,DC,"NASH",4/14/2024 12:57,29,21,7,1,1,1,6,0,0,0,0,0,08 Kathryn Ritzman,16 Margaret Walker,05 Marie Perivier
"NASH @ DC",2024-04-14_10-03-45,DC,"NASH",4/14/2024 12:59,30,22,7,0,1,1,6,0,0,0,1,0,09 Annalise Peters,26 Jessica Sourbeer,01 Ashleigh Jentilet
"NASH @ DC",2024-04-14_10-03-45,DC,"NASH",4/14/2024 13:02,31,23,7,0,0,1,8,1,1,0,1,0,NA,NA,NA
"NASH @ DC",2024-04-13_19-00-00,"NASH",DC,2024-04-14 20:32:40,1,0,0,0,0,1,2,1,1,0,0,1,NA,NA,NA
"NASH @ DC",2024-04-13_19-00-00,"NASH",DC,2024-04-14 20:37:41,2,0,1,1,1,1,16,0,0,0,0,0,08 Grace Robinson,27 Katharine Gilbert,10 Tori Taylor
"NASH @ DC",2024-04-13_19-00-00,"NASH",DC,2024-04-14 20:44:12,3,1,1,0,0,1,5,1,1,0,0,1,NA,NA,NA
"NASH @ DC",2024-04-13_19-00-00,"NASH",DC,2024-04-14 20:49:08,4,1,2,1,0,2,7,2,0,2,1,0,NA,NA,NA
"NASH @ DC",2024-04-13_19-00-00,"NASH",DC,2024-04-14 20:52:31,5,1,3,1,0,1,4,1,1,0,0,0,NA,NA,NA
"NASH @ DC",2024-04-13_19-00-00,"NASH",DC,2024-04-14 20:54:51,6,1,4,1,0,2,19,2,2,0,0,1,NA,NA,NA
"NASH @ DC",2024-04-13_19-00-00,"NASH",DC,2024-04-14 20:59:47,7,1,5,1,1,3,9,2,1,1,1,1,45 Sylvia Brown,21 Elena Rubino,07 Mary Cowart
"NASH @ DC",2024-04-13_19-00-00,"NASH",DC,2024-04-14 21:04:55,8,2,5,1,0,3,9,3,2,1,1,1,NA,NA,NA
"NASH @ DC",2024-04-13_19-00-00,"NASH",DC,2024-04-14 21:10:47,9,2,6,1,0,2,9,2,2,0,0,1,NA,NA,NA
"NASH @ DC",2024-04-13_19-00-00,"NASH",DC,2024-04-14 21:14:32,10,2,7,1,1,3,13,2,2,0,1,1,27 Katharine Gilbert,10 Tori Taylor,22 Rebecca Henley
"NASH @ DC",2024-04-13_19-00-00,"NASH",DC,2024-04-14 21:22:35,11,3,7,0,0,1,3,1,1,0,1,0,NA,NA,NA
"NASH @ DC",2024-04-13_19-00-00,"NASH",DC,2024-04-14 21:30:40,12,3,8,1,0,1,5,1,1,0,0,0,NA,NA,NA
"NASH @ DC",2024-04-13_19-00-00,"NASH",DC,2024-04-14 21:32:39,13,3,9,1,0,2,8,2,2,0,0,1,NA,NA,NA
"NASH @ DC",2024-04-13_19-00-00,"NASH",DC,2024-04-14 21:36:08,14,3,10,0,0,1,19,1,1,0,0,1,NA,NA,NA
"NASH @ DC",2024-04-13_19-00-00,"NASH",DC,2024-04-14 22:43:24,15,3,11,1,0,1,4,1,1,0,0,0,NA,NA,NA
"NASH @ DC",2024-04-13_19-00-00,"NASH",DC,2024-04-14 22:45:25,16,3,12,1,0,1,4,1,1,0,0,0,NA,NA,NA
"NASH @ DC",2024-04-13_19-00-00,"NASH",DC,2024-04-14 22:48:07,17,3,13,1,0,4,9,4,4,0,2,1,NA,NA,NA
"NASH @ DC",2024-04-13_19-00-00,"NASH",DC,2024-04-14 23:05:14,18,3,14,1,0,1,3,1,1,0,0,0,NA,NA,NA
"NASH @ DC",2024-04-13_19-00-00,"NASH",DC,2024-04-14 23:07:16,19,3,15,1,0,2,7,2,1,1,0,1,NA,NA,NA
"NASH @ DC",2024-04-13_19-00-00,"NASH",DC,2024-04-14 23:10:10,20,3,16,1,0,3,16,3,2,1,1,1,NA,NA,NA
"NASH @ DC",2024-04-13_19-00-00,"NASH",DC,2024-04-14 23:16:17,21,3,17,1,0,2,8,2,2,0,1,0,NA,NA,NA
"NASH @ DC",2024-04-13_19-00-00,"NASH",DC,2024-04-14 23:22:41,22,3,18,1,0,1,1,1,1,0,0,0,NA,NA,NA
"NASH @ DC",2024-04-13_19-00-00,"NASH",DC,2024-04-14 23:23:37,23,3,19,1,1,1,10,0,0,0,0,0,20 Noel Holmes,21 Elena Rubino,45 Sylvia Brown
"NASH @ DC",2024-04-13_19-00-00,"NASH",DC,2024-04-14 23:25:48,24,4,19,0,0,0,0,0,0,0,0,0,NA,NA,NA
"NASH @ DC",2024-04-13_19-00-00,"NASH",DC,2024-04-14 23:27:14,25,4,20,1,0,1,26,1,1,0,0,0,NA,NA,NA
"NASH @ DC",2024-04-13_19-00-00,"NASH",DC,2024-04-14 23:33:17,26,4,21,1,0,1,6,1,1,0,0,0,NA,NA,NA
"NASH @ DC",2024-04-13_19-00-00,"NASH",DC,2024-04-14 23:36:15,27,4,22,1,1,1,18,0,0,0,0,0,82 Mary Turner,10 Tori Taylor,08 Grace Robinson
"NASH @ DC",2024-04-13_19-00-00,"NASH",DC,2024-04-14 23:40:26,28,5,22,0,0,0,0,0,0,0,0,0,NA,NA,NA
"NASH @ DC",2024-04-13_19-00-00,"NASH",DC,2024-04-14 23:41:26,29,5,23,1,0,1,4,1,1,0,0,0,NA,NA,NA
"NASH @ DC",2024-04-13_19-00-00,"NASH",DC,2024-04-14 23:43:33,30,5,24,1,0,1,8,1,1,0,1,0,NA,NA,NA
RAL @ ATL,2024-04-13_19-00-00,ATL,RAL,2024-04-16 07:23:16,1,0,0,0,0,0,0,0,0,0,0,0,NA,NA,NA
RAL @ ATL,2024-04-13_19-00-00,ATL,RAL,2024-04-16 07:37:40,2,0,1,1,0,1,14,1,0,1,0,0,NA,NA,NA
RAL @ ATL,2024-04-13_19-00-00,ATL,RAL,2024-04-16 08:14:20,3,0,2,1,0,1,19,1,0,1,0,0,NA,NA,NA
RAL @ ATL,2024-04-13_19-00-00,ATL,RAL,2024-04-16 08:22:45,4,0,3,1,0,1,3,1,1,0,0,0,NA,NA,NA
RAL @ ATL,2024-04-13_19-00-00,ATL,RAL,2024-04-16 08:46:11,5,0,4,1,0,1,3,1,1,0,0,0,NA,NA,NA
RAL @ ATL,2024-04-13_19-00-00,ATL,RAL,2024-04-16 08:48:43,6,0,5,1,1,2,10,1,1,0,0,1,10 Mia Griner,31 María Vargas,10 Mia Griner
RAL @ ATL,2024-04-13_19-00-00,ATL,RAL,2024-04-16 08:54:43,7,1,5,0,0,0,0,0,0,0,0,0,NA,NA,NA
RAL @ ATL,2024-04-13_19-00-00,ATL,RAL,2024-04-16 15:52:06,8,1,6,1,1,1,6,0,0,0,0,0,26 Morgan Lally,54 Liv Ford,10 Mia Griner
RAL @ ATL,2024-04-13_19-00-00,ATL,RAL,2024-04-16 15:55:15,9,2,6,0,0,1,9,1,1,0,1,0,NA,NA,NA
RAL @ ATL,2024-04-13_19-00-00,ATL,RAL,2024-04-16 16:02:54,10,2,7,1,1,1,11,0,0,0,0,0,03 Alex Krueger,51 Lilli Popovich,13 Hannah Abraham
RAL @ ATL,2024-04-13_19-00-00,ATL,RAL,2024-04-16 16:31:33,11,3,7,0,0,0,0,0,0,0,0,0,NA,NA,NA
RAL @ ATL,2024-04-13_19-00-00,ATL,RAL,2024-04-16 16:35:55,12,3,8,1,0,1,4,1,1,0,0,0,NA,NA,NA
RAL @ ATL,2024-04-13_19-00-00,ATL,RAL,2024-04-16 16:44:36,13,3,9,1,0,1,11,1,1,0,0,0,NA,NA,NA
RAL @ ATL,2024-04-13_19-00-00,ATL,RAL,2024-04-16 16:53:46,14,3,10,1,0,1,4,1,1,0,0,0,NA,NA,NA
RAL @ ATL,2024-04-13_19-00-00,ATL,RAL,2024-04-16 16:58:53,15,3,11,1,1,2,9,1,1,0,0,1,NA,10 Mia Griner,72 Annalise Paul
RAL @ ATL,2024-04-13_19-00-00,ATL,RAL,2024-04-16 17:13:37,16,4,11,0,0,0,0,0,0,0,0,0,NA,NA,NA
RAL @ ATL,2024-04-13_19-00-00,ATL,RAL,2024-04-16 17:14:47,17,4,12,1,0,1,2,1,1,0,0,0,NA,NA,NA
RAL @ ATL,2024-04-13_19-00-00,ATL,RAL,2024-04-16 17:16:57,18,4,13,1,0,1,17,1,0,1,0,0,NA,NA,NA
RAL @ ATL,2024-04-13_19-00-00,ATL,RAL,2024-04-16 17:21:55,19,4,14,1,1,1,10,0,0,0,0,0,26 Morgan Lally,42 Martha Wilber,51 Lilli Popovich
RAL @ ATL,2024-04-13_19-00-00,ATL,RAL,2024-04-16 17:25:26,20,5,14,0,1,2,7,1,1,0,1,1,NA,31 María Vargas,42 Martha Wilber
RAL @ ATL,2024-04-13_19-00-00,ATL,RAL,2024-04-16 18:08:17,21,6,14,0,0,1,1,1,1,0,0,1,NA,NA,NA
RAL @ ATL,2024-04-13_19-00-00,ATL,RAL,2024-04-17 00:00:44,22,6,15,1,1,1,10,0,0,0,0,0,05 Megan Jarriel,08 Dani Ortiz,21 Samantha Li
RAL @ ATL,2024-04-13_19-00-00,ATL,RAL,2024-04-17 00:16:49,23,7,15,0,0,0,0,0,0,0,0,0,NA,NA,NA
RAL @ ATL,2024-04-13_19-00-00,ATL,RAL,2024-04-17 00:18:25,24,7,16,1,1,1,11,0,0,0,0,0,42 Martha Wilber,08 Dani Ortiz,42 Martha Wilber
RAL @ ATL,2024-04-13_19-00-00,ATL,RAL,2024-04-17 00:23:34,25,8,16,0,1,7,30,6,6,0,5,2,26 Morgan Lally,42 Martha Wilber,51 Lilli Popovich
RAL @ ATL,2024-04-13_19-00-00,ATL,RAL,2024-04-17 02:19:51,26,9,16,0,0,0,0,0,0,0,0,0,NA,NA,NA
RAL @ ATL,2024-04-13_19-00-00,ATL,RAL,2024-04-17 02:29:44,27,9,17,1,1,1,9,0,0,0,0,0,12 Emma Jaschke,42 Martha Wilber,75 Sarah Kingsley-Hart
RAL @ ATL,2024-04-13_19-00-00,ATL,RAL,2024-04-17 02:33:11,28,10,17,0,1,3,11,2,1,1,3,0,NA,29 Charlotte Doran,42 Martha Wilber
RAL @ ATL,2024-04-13_19-00-00,ATL,RAL,2024-04-17 02:45:07,29,11,17,1,0,3,21,3,3,0,1,1,NA,NA,NA
RAL @ ATL,2024-04-13_19-00-00,ATL,RAL,2024-04-17 02:54:18,30,11,18,1,0,3,10,3,3,0,2,0,NA,NA,NA
RAL @ ATL,2024-04-13_19-00-00,ATL,RAL,2024-04-17 02:59:58,31,11,19,1,0,1,3,1,1,0,0,0,NA,NA,NA
RAL @ ATL,2024-04-13_19-00-00,ATL,RAL,2024-04-17 03:02:48,32,11,20,1,0,1,2,1,1,0,0,0,NA,NA,NA
RAL @ ATL,2024-04-13_19-00-00,ATL,RAL,2024-04-17 03:06:18,33,11,21,1,0,2,10,2,1,1,2,0,NA,NA,NA
NY @ PORT,2024-04-20_18-00-00,NY,PORT,4/25/2024 12:50,1,0,0,0,1,1,5,0,0,0,0,1,08 Manuela Cardenas,09 Cassandra Brown,88 Nikki Hair
NY @ PORT,2024-04-20_18-00-00,NY,PORT,4/25/2024 12:55,2,1,0,0,0,1,2,1,1,0,0,1,NA,NA,NA
NY @ PORT,2024-04-20_18-00-00,NY,PORT,4/25/2024 13:01,3,1,1,1,0,1,4,1,0,1,0,0,NA,NA,NA
NY @ PORT,2024-04-20_18-00-00,NY,PORT,4/25/2024 13:04,4,1,2,1,1,1,6,0,0,0,0,0,33 Valeria Cardenas,20 Yina Cartagena,00 Genny De Jesus
NY @ PORT,2024-04-20_18-00-00,NY,PORT,4/25/2024 13:07,5,2,2,0,0,0,0,0,0,0,0,0,NA,NA,NA
NY @ PORT,2024-04-20_18-00-00,NY,PORT,4/25/2024 13:09,6,2,3,1,1,2,15,1,1,0,0,1,00 Genny De Jesus,33 Valeria Cardenas,20 Yina Cartagena
NY @ PORT,2024-04-20_18-00-00,NY,PORT,4/25/2024 13:15,7,3,3,0,1,2,9,1,1,0,1,1,31 Eli Presberg,88 Nikki Hair,09 Cassandra Brown
NY @ PORT,2024-04-20_18-00-00,NY,PORT,4/25/2024 13:21,8,4,3,0,0,0,0,0,0,0,0,0,NA,NA,NA
NY @ PORT,2024-04-20_18-00-00,NY,PORT,4/25/2024 13:23,9,5,3,1,1,2,12,1,1,0,0,1,23 Linnea Soo,02 Jolene Zheng,66 Janine Hlavaty
NY @ PORT,2024-04-20_18-00-00,NY,PORT,4/25/2024 13:29,10,6,3,0,0,0,0,0,0,0,0,0,NA,NA,NA
NY @ PORT,2024-04-20_18-00-00,NY,PORT,4/25/2024 13:30,11,6,4,1,0,4,36,4,3,1,0,3,NA,NA,NA
NY @ PORT,2024-04-20_18-00-00,NY,PORT,4/25/2024 13:43,12,6,5,1,1,2,25,1,1,0,0,1,19 Eastelle Ding,09 Cassandra Brown,31 Eli Presberg
NY @ PORT,2024-04-20_18-00-00,NY,PORT,4/25/2024 13:48,13,7,5,0,1,1,1,0,0,0,0,1,NA,09 Cassandra Brown,19 Eastelle Ding
NY @ PORT,2024-04-20_18-00-00,NY,PORT,4/25/2024 13:53,14,8,5,0,0,3,17,3,2,2,1,2,NA,NA,NA
NY @ PORT,2024-04-20_18-00-00,NY,PORT,4/25/2024 14:03,15,8,6,1,1,1,7,0,0,0,0,0,20 Yina Cartagena,23 Linnea Soo,33 Valeria Cardenas
NY @ PORT,2024-04-20_18-00-00,NY,PORT,4/25/2024 14:05,16,9,6,0,0,1,13,1,1,0,1,0,NA,NA,NA
NY @ PORT,2024-04-20_18-00-00,NY,PORT,4/25/2024 14:12,17,9,7,1,1,1,9,0,0,0,0,0,96 Nina Finley,33 Valeria Cardenas,66 Janine Hlavaty
NY @ PORT,2024-04-20_18-00-00,NY,PORT,4/25/2024 14:15,18,10,7,0,1,1,4,0,0,0,1,0,31 Eli Presberg,33 Valeria Cardenas,88 Nikki Hair
NY @ PORT,2024-04-20_18-00-00,NY,PORT,4/25/2024 14:18,19,11,7,0,0,0,0,0,0,0,0,0,NA,NA,NA
NY @ PORT,2024-04-20_18-00-00,NY,PORT,4/25/2024 14:20,20,11,8,1,1,1,20,0,0,0,0,0,96 Nina Finley,20 Yina Cartagena,08 Manuela Cardenas
NY @ PORT,2024-04-20_18-00-00,NY,PORT,4/25/2024 14:24,21,12,8,1,1,1,1,0,0,0,0,0,NA,33 Valeria Cardenas,20 Yina Cartagena
NY @ PORT,2024-04-20_18-00-00,NY,PORT,4/25/2024 14:25,22,13,8,0,1,1,10,0,0,0,1,0,65 Anna Lieberman,09 Cassandra Brown,19 Eastelle Ding
NY @ PORT,2024-04-20_18-00-00,NY,PORT,4/25/2024 14:28,23,14,8,0,1,2,14,1,1,0,1,1,33 Valeria Cardenas,08 Manuela Cardenas,62 Casey Banta-Ryan
NY @ PORT,2024-04-20_18-00-00,NY,PORT,4/25/2024 14:33,24,15,8,0,0,1,1,1,0,1,1,0,NA,NA,NA
NY @ PORT,2024-04-20_18-00-00,NY,PORT,4/25/2024 14:36,25,15,9,1,0,1,1,1,1,1,0,0,NA,NA,NA
NY @ PORT,2024-04-20_18-00-00,NY,PORT,4/25/2024 14:38,26,15,10,1,1,1,8,0,0,0,0,0,96 Nina Finley,09 Cassandra Brown,23 Linnea Soo
NY @ PORT,2024-04-20_18-00-00,NY,PORT,4/25/2024 14:41,27,16,10,0,0,2,11,2,1,1,1,1,NA,NA,NA
NY @ PORT,2024-04-20_18-00-00,NY,PORT,4/25/2024 14:45,28,16,11,1,1,2,8,1,1,0,0,1,00 Genny De Jesus,20 Yina Cartagena,00 Genny De Jesus
NY @ PORT,2024-04-20_18-00-00,NY,PORT,4/25/2024 14:48,29,17,11,0,0,0,0,0,0,0,0,0,NA,NA,NA
NY @ PORT,2024-04-20_18-00-00,NY,PORT,4/25/2024 14:51,30,17,12,1,0,1,11,1,1,0,0,0,NA,NA,NA
NY @ PORT,2024-04-20_18-00-00,NY,PORT,4/25/2024 14:53,31,17,13,1,0,0,0,0,0,0,0,0,NA,NA,NA
