match,date,team,opponent,Created,Point,Possession,Started point on offense?,Scored?,Start X (0 -> 1 = left sideline -> right sideline),Start Y (0 -> 1 = back of opponent endzone -> back of own endzone),Initiator,Passes,Secondary assist,Assist,Goal,Thrower error,Receiver error,Stalled out
ATL @ ATX,2024-04-07_13-00-00,ATL,ATX,2024-04-10 01:21:49,1,1,0,0,0.2634855,0.83558697,31 María Vargas,1,NA,NA,NA,31 María Vargas,NA,NA
ATL @ ATX,2024-04-07_13-00-00,ATL,ATX,2024-04-10 01:22:24,1,2,0,0,0.16113417,0.7556853,18 Naomi Anderson,4,NA,NA,NA,18 Naomi Anderson,NA,NA
ATL @ ATX,2024-04-07_13-00-00,ATL,ATX,2024-04-10 01:30:45,2,1,1,0,0.060165975,0.70221263,29 Charlotte Doran,13,NA,NA,NA,03 Alex Krueger,NA,NA
ATL @ ATX,2024-04-07_13-00-00,ATL,ATX,2024-04-10 01:34:13,3,1,1,1,0.99654216,0.6573448,18 Naomi Anderson,12,55 Trystan Grzyll,26 Morgan Lally,18 Naomi Anderson,NA,NA,NA
ATL @ ATX,2024-04-07_13-00-00,ATL,ATX,2024-04-10 01:40:19,4,1,0,0,0.25242049,0.5104487,10 Mia Griner,3,NA,NA,NA,NA,44 Jordan Harn,NA
ATL @ ATX,2024-04-07_13-00-00,ATL,ATX,2024-04-10 01:41:03,4,2,0,0,0.984094,0.6745544,31 María Vargas,2,NA,NA,NA,27 Therese Doebler,NA,NA
ATL @ ATX,2024-04-07_13-00-00,ATL,ATX,2024-04-10 01:42:17,4,3,0,0,0.5428769,0.8318992,10 Mia Griner,9,NA,NA,NA,12 Emma Jaschke,NA,NA
ATL @ ATX,2024-04-07_13-00-00,ATL,ATX,2024-04-10 01:46:53,5,1,1,0,0.51798064,0.74523664,29 Charlotte Doran,5,NA,NA,NA,NA,20 Soju Hokari,NA
ATL @ ATX,2024-04-07_13-00-00,ATL,ATX,2024-04-10 01:48:30,5,2,1,0,0.49861687,0.67393976,29 Charlotte Doran,5,NA,NA,NA,03 Alex Krueger,NA,NA
ATL @ ATX,2024-04-07_13-00-00,ATL,ATX,2024-04-10 01:51:11,5,3,1,1,0.36445367,0.3647818,29 Charlotte Doran,2,29 Charlotte Doran,19 Elle Mayer,45 Jennifer Lin,NA,NA,NA
ATL @ ATX,2024-04-07_13-00-00,ATL,ATX,2024-04-10 02:00:07,6,1,0,1,0.719917,0.16666667,13 Hannah Abraham,1,NA,13 Hannah Abraham,18 Naomi Anderson,NA,NA,NA
ATL @ ATX,2024-04-07_13-00-00,ATL,ATX,2024-04-10 02:04:45,7,1,1,0,0.20677732,0.74093425,29 Charlotte Doran,11,NA,NA,NA,29 Charlotte Doran,NA,NA
ATL @ ATX,2024-04-07_13-00-00,ATL,ATX,2024-04-10 02:06:48,7,2,1,0,0.8056708,0.59280884,20 Soju Hokari,5,NA,NA,NA,05 Megan Jarriel,NA,NA
ATL @ ATX,2024-04-07_13-00-00,ATL,ATX,2024-04-10 02:08:51,7,3,1,1,0.0186722,0.32667485,13 Hannah Abraham,9,13 Hannah Abraham,08 Dani Ortiz,13 Hannah Abraham,NA,NA,NA
ATL @ ATX,2024-04-07_13-00-00,ATL,ATX,2024-04-10 02:13:17,8,1,0,0,0.6881051,0.5590043,10 Mia Griner,3,NA,NA,NA,10 Mia Griner,NA,NA
ATL @ ATX,2024-04-07_13-00-00,ATL,ATX,2024-04-10 02:14:14,8,2,0,0,0.5041494,0.65181315,31 María Vargas,3,NA,NA,NA,55 Trystan Grzyll,NA,NA
ATL @ ATX,2024-04-07_13-00-00,ATL,ATX,2024-04-10 02:21:08,9,1,1,1,0.18603043,0.7821143,29 Charlotte Doran,22,29 Charlotte Doran,08 Dani Ortiz,03 Alex Krueger,NA,NA,NA
ATL @ ATX,2024-04-07_13-00-00,ATL,ATX,2024-04-10 02:28:19,11,1,1,0,0.44467497,0.74400735,13 Hannah Abraham,8,NA,NA,NA,03 Alex Krueger,NA,NA
ATL @ ATX,2024-04-07_13-00-00,ATL,ATX,2024-04-10 02:33:41,12,1,1,0,0.1307054,0.7052858,18 Naomi Anderson,7,NA,NA,NA,44 Jordan Harn,NA,NA
ATL @ ATX,2024-04-07_13-00-00,ATL,ATX,2024-04-10 02:34:55,12,2,1,1,0.47095436,0.1767056,31 María Vargas,1,NA,31 María Vargas,18 Naomi Anderson,NA,NA,NA
ATL @ ATX,2024-04-07_13-00-00,ATL,ATX,2024-04-10 02:45:24,13,1,0,0,0.86791146,0.65181315,10 Mia Griner,1,NA,NA,NA,10 Mia Griner,NA,NA
ATL @ ATX,2024-04-07_13-00-00,ATL,ATX,2024-04-10 02:45:56,13,2,0,0,0.5069156,0.67824215,31 María Vargas,13,NA,NA,NA,10 Mia Griner,NA,NA
ATL @ ATX,2024-04-07_13-00-00,ATL,ATX,2024-04-10 02:47:16,13,3,0,1,0.5636238,0.63214505,31 María Vargas,1,NA,31 María Vargas,12 Emma Jaschke,NA,NA,NA
ATL @ ATX,2024-04-07_13-00-00,ATL,ATX,2024-04-10 03:02:38,15,1,1,0,0.15283541,0.4907806,19 Elle Mayer,1,NA,NA,NA,19 Elle Mayer,NA,NA
ATL @ ATX,2024-04-07_13-00-00,ATL,ATX,2024-04-10 03:02:57,15,2,1,0,0.33264178,0.8312846,20 Soju Hokari,13,NA,NA,NA,31 María Vargas,NA,NA
ATL @ ATX,2024-04-07_13-00-00,ATL,ATX,2024-04-10 03:10:05,16,1,1,0,0.48478562,0.69483715,29 Charlotte Doran,3,NA,NA,NA,29 Charlotte Doran,NA,NA
ATL @ ATX,2024-04-07_13-00-00,ATL,ATX,2024-04-10 03:12:23,17,1,1,0,0.097510375,0.5897357,10 Mia Griner,7,NA,NA,NA,10 Mia Griner,NA,NA
ATL @ ATX,2024-04-07_13-00-00,ATL,ATX,2024-04-10 03:18:07,18,1,1,1,0.18326418,0.7261832,13 Hannah Abraham,10,08 Dani Ortiz,20 Soju Hokari,75 Sarah Kingsley-Hart,NA,NA,NA
ATL @ ATX,2024-04-07_13-00-00,ATL,ATX,2024-04-10 03:20:24,19,1,0,1,0.88450897,0.569453,10 Mia Griner,8,72 Annalise Paul,10 Mia Griner,18 Naomi Anderson,NA,NA,NA
ATL @ ATX,2024-04-07_13-00-00,ATL,ATX,2024-04-10 03:24:53,21,1,1,0,0.8056708,0.6825446,20 Soju Hokari,10,NA,NA,NA,13 Hannah Abraham,NA,NA
ATL @ ATX,2024-04-07_13-00-00,ATL,ATX,2024-04-10 03:29:55,22,1,1,1,0.9827109,0.6733251,31 María Vargas,7,12 Emma Jaschke,31 María Vargas,10 Mia Griner,NA,NA,NA
ATL @ ATX,2024-04-07_13-00-00,ATL,ATX,2024-04-10 03:32:09,24,1,1,1,0.5013831,0.57314074,29 Charlotte Doran,12,29 Charlotte Doran,05 Megan Jarriel,75 Sarah Kingsley-Hart,NA,NA,NA
ATL @ ATX,2024-04-07_13-00-00,ATL,ATX,2024-04-10 03:36:56,26,1,1,0,0.9813278,0.670252,31 María Vargas,34,NA,NA,NA,44 Jordan Harn,NA,NA
ATL @ ATX,2024-04-07_13-00-00,ATL,ATX,2024-04-10 03:41:19,26,2,1,0,0.6715076,0.8251383,12 Emma Jaschke,7,NA,NA,NA,26 Morgan Lally,NA,NA
ATL @ ATX,2024-04-07_13-00-00,ATL,ATX,2024-04-10 03:43:57,27,1,1,0,0.87344396,0.6628765,20 Soju Hokari,5,NA,NA,NA,20 Soju Hokari,NA,NA
ATL @ ATX,2024-04-07_13-00-00,ATL,ATX,2024-04-10 03:44:52,27,2,1,0,0.043568466,0.52827287,08 Dani Ortiz,5,NA,NA,NA,NA,13 Hannah Abraham,NA
ATL @ ATX,2024-04-07_13-00-00,ATX,ATL,2024-04-09 14:53:46,1,1,1,0,0.87897646,0.749539,00 Maggie Rowell,10,NA,NA,NA,02 Elise Bjork,NA,NA
ATL @ ATX,2024-04-07_13-00-00,ATX,ATL,2024-04-09 15:00:10,1,2,1,0,0.10857538,0.28856793,07 Shiru Liu,5,NA,NA,NA,02 Elise Bjork,NA,NA
ATL @ ATX,2024-04-07_13-00-00,ATX,ATL,2024-04-09 15:02:29,1,3,1,1,0.056016598,0.46803933,69 Jaime Estes,8,00 Maggie Rowell,02 Elise Bjork,69 Jaime Estes,NA,NA,NA
ATL @ ATX,2024-04-07_13-00-00,ATX,ATL,2024-04-09 18:24:57,2,1,0,1,0.026970955,0.8386601,95 Megan Mendieta,21,95 Megan Mendieta,05 Dre Esparza,19 Vanessa Bacorn,NA,NA,NA
ATL @ ATX,2024-04-07_13-00-00,ATX,ATL,2024-04-09 18:51:40,4,1,1,0,0.80843705,0.6893055,07 Shiru Liu,5,NA,NA,NA,00 Maggie Rowell,NA,NA
ATL @ ATX,2024-04-07_13-00-00,ATX,ATL,2024-04-09 18:53:55,4,2,1,0,0.45435685,0.5633067,02 Elise Bjork,2,NA,NA,NA,07 Shiru Liu,NA,NA
ATL @ ATX,2024-04-07_13-00-00,ATX,ATL,2024-04-09 18:57:32,4,3,1,0,0.08921162,0.75814384,07 Shiru Liu,5,NA,NA,NA,07 Shiru Liu,NA,NA
ATL @ ATX,2024-04-07_13-00-00,ATX,ATL,2024-04-09 19:01:19,4,4,1,1,0.66459197,0.3100799,02 Elise Bjork,6,02 Elise Bjork,00 Maggie Rowell,69 Jaime Estes,NA,NA,NA
ATL @ ATX,2024-04-07_13-00-00,ATX,ATL,2024-04-09 19:07:27,5,1,0,0,0.31327802,0.41641057,05 Dre Esparza,5,NA,NA,NA,16 Kinsey Neas,NA,NA
ATL @ ATX,2024-04-07_13-00-00,ATX,ATL,2024-04-09 19:10:16,5,2,0,0,0.04218534,0.5786724,12 Annie Ortiz,2,NA,NA,NA,NA,19 Vanessa Bacorn,NA
ATL @ ATX,2024-04-07_13-00-00,ATX,ATL,2024-04-09 19:41:55,6,1,1,0,0.6673582,0.7329441,26 Amy Broome,18,NA,NA,NA,88 Maddy Easton,NA,NA
ATL @ ATX,2024-04-07_13-00-00,ATX,ATL,2024-04-09 20:00:43,7,1,0,0,0.40594745,0.5547019,95 Megan Mendieta,6,NA,NA,NA,16 Kinsey Neas,NA,NA
ATL @ ATX,2024-04-07_13-00-00,ATX,ATL,2024-04-09 20:04:09,7,2,0,0,0.0062240665,0.8380455,05 Dre Esparza,4,NA,NA,NA,NA,19 Vanessa Bacorn,NA
ATL @ ATX,2024-04-07_13-00-00,ATX,ATL,2024-04-09 20:09:32,8,1,1,0,0.5,0.6665642,07 Shiru Liu,7,NA,NA,NA,07 Shiru Liu,NA,NA
ATL @ ATX,2024-04-07_13-00-00,ATX,ATL,2024-04-09 20:12:45,8,2,1,0,0.69640386,0.6364474,22 Sydney Loughran,3,NA,NA,NA,07 Shiru Liu,NA,NA
ATL @ ATX,2024-04-07_13-00-00,ATX,ATL,2024-04-09 20:14:03,8,3,1,1,0.0186722,0.44837123,42 Meg Duffy,12,03 Madi Cannon,26 Amy Broome,31 Nikki Gilbert,NA,NA,NA
ATL @ ATX,2024-04-07_13-00-00,ATX,ATL,2024-04-09 20:27:43,10,1,1,1,0.49723375,0.66472036,02 Elise Bjork,25,42 Meg Duffy,73 Clara Stewart,22 Sydney Loughran,NA,NA,NA
ATL @ ATX,2024-04-07_13-00-00,ATX,ATL,2024-04-09 20:47:17,11,1,0,1,0.48063624,0.8325138,73 Clara Stewart,14,73 Clara Stewart,88 Maddy Easton,03 Madi Cannon,NA,NA,NA
ATL @ ATX,2024-04-07_13-00-00,ATX,ATL,2024-04-09 20:57:02,12,1,0,0,0.48755187,0.8349723,95 Megan Mendieta,9,NA,NA,NA,16 Kinsey Neas,NA,NA
ATL @ ATX,2024-04-07_13-00-00,ATX,ATL,2024-04-09 21:09:47,13,1,1,0,0.86237895,0.68869084,07 Shiru Liu,4,NA,NA,NA,42 Meg Duffy,NA,NA
ATL @ ATX,2024-04-07_13-00-00,ATX,ATL,2024-04-09 21:12:11,13,2,1,0,0.30774552,0.42194223,69 Jaime Estes,2,NA,NA,NA,00 Maggie Rowell,NA,NA
ATL @ ATX,2024-04-07_13-00-00,ATX,ATL,2024-04-09 21:14:52,13,3,1,0,0.5857538,0.64874,02 Elise Bjork,5,NA,NA,NA,42 Meg Duffy,NA,NA
ATL @ ATX,2024-04-07_13-00-00,ATX,ATL,2024-04-09 21:40:28,14,1,1,1,0.77524203,0.7378611,26 Amy Broome,11,73 Clara Stewart,88 Maddy Easton,03 Madi Cannon,NA,NA,NA
ATL @ ATX,2024-04-07_13-00-00,ATX,ATL,2024-04-09 21:46:01,15,1,0,0,0.8167358,0.6929932,95 Megan Mendieta,18,NA,NA,NA,05 Dre Esparza,NA,NA
ATL @ ATX,2024-04-07_13-00-00,ATX,ATL,2024-04-09 21:52:42,15,2,0,1,0.4515906,0.76060236,31 Nikki Gilbert,6,88 Maddy Easton,31 Nikki Gilbert,88 Maddy Easton,NA,NA,NA
ATL @ ATX,2024-04-07_13-00-00,ATX,ATL,2024-04-09 21:56:00,16,1,0,1,0.5207469,0.47295636,42 Meg Duffy,8,02 Elise Bjork,42 Meg Duffy,22 Sydney Loughran,NA,NA,NA
ATL @ ATX,2024-04-07_13-00-00,ATX,ATL,2024-04-09 21:59:19,17,1,0,1,0.49031812,0.79748005,05 Dre Esparza,39,31 Nikki Gilbert,03 Madi Cannon,31 Nikki Gilbert,NA,NA,NA
ATL @ ATX,2024-04-07_13-00-00,ATX,ATL,2024-04-09 22:14:45,19,1,1,0,0.49031812,0.66472036,07 Shiru Liu,2,NA,NA,NA,69 Jaime Estes,NA,NA
ATL @ ATX,2024-04-07_13-00-00,ATX,ATL,2024-04-09 22:16:51,20,1,1,1,0.87344396,0.6985249,26 Amy Broome,5,88 Maddy Easton,73 Clara Stewart,03 Madi Cannon,NA,NA,NA
ATL @ ATX,2024-04-07_13-00-00,ATX,ATL,2024-04-09 22:20:34,21,1,0,1,0.98547715,0.56269205,12 Annie Ortiz,8,12 Annie Ortiz,95 Megan Mendieta,16 Kinsey Neas,NA,NA,NA
ATL @ ATX,2024-04-07_13-00-00,ATX,ATL,2024-04-09 22:25:00,23,1,1,1,0.97441214,0.6628765,26 Amy Broome,4,88 Maddy Easton,69 Jaime Estes,71 Wren Vogel,NA,NA,NA
ATL @ ATX,2024-04-07_13-00-00,ATX,ATL,2024-04-09 22:31:34,25,1,1,1,0.9190871,0.4889367,42 Meg Duffy,2,42 Meg Duffy,69 Jaime Estes,22 Sydney Loughran,NA,NA,NA
ATL @ ATX,2024-04-07_13-00-00,ATX,ATL,2024-04-09 22:34:56,26,1,0,0,0.78769016,0.7089736,26 Amy Broome,4,NA,NA,NA,71 Wren Vogel,NA,NA
ATL @ ATX,2024-04-07_13-00-00,ATX,ATL,2024-04-09 22:37:44,26,2,0,1,0.22475795,0.23448063,02 Elise Bjork,1,NA,02 Elise Bjork,42 Meg Duffy,NA,NA,NA
ATL @ ATX,2024-04-07_13-00-00,ATX,ATL,2024-04-09 22:38:55,27,1,0,0,0.17081605,0.81591886,27 Jocelyn Jessop,6,NA,NA,NA,15 Elise Franke,NA,NA
ATL @ ATX,2024-04-07_13-00-00,ATX,ATL,2024-04-09 22:40:51,27,2,0,0,0.21784233,0.8073141,05 Dre Esparza,4,NA,NA,NA,95 Megan Mendieta,NA,NA
DC @ RAL,2024-04-06_17-31-34,DC,RAL,4/6/24 17:38,1,1,1,1,0.52361107,0.6932099,36 Carolyn Normile,11,37 Claire Trop,36 Carolyn Normile,19 Allie Wallace,NA,NA,NA
DC @ RAL,2024-04-06_17-31-34,DC,RAL,4/6/24 17:48,2,1,0,1,0.24861106,0.71358025,09 Annalise Peters,2,09 Annalise Peters,46 Graham Cunningham,07 Kami Groom,NA,NA,NA
DC @ RAL,2024-04-06_17-31-34,DC,RAL,4/6/24 17:53,3,1,0,0,0.75555557,0.6148148,66 Jackie Wang,1,NA,NA,NA,66 Jackie Wang,NA,NA
DC @ RAL,2024-04-06_17-31-34,DC,RAL,4/6/24 17:55,3,2,0,1,0.7902778,0.31358024,66 Jackie Wang,9,07 Kami Groom,01 Ashleigh Jentilet,22 Erin McCann,NA,NA,NA
DC @ RAL,2024-04-06_17-31-34,DC,RAL,4/6/24 18:00,4,1,0,1,0.7402777,0.80370367,09 Annalise Peters,8,07 Kami Groom,01 Ashleigh Jentilet,07 Kami Groom,NA,NA,NA
DC @ RAL,2024-04-06_17-31-34,DC,RAL,4/6/24 18:05,5,1,0,0,0.84722227,0.80987656,16 Margaret Walker,1,NA,NA,NA,16 Margaret Walker,NA,NA
DC @ RAL,2024-04-06_17-31-34,DC,RAL,4/6/24 18:06,5,2,0,0,0.2625,0.8135803,05 Marie Perivier,1,NA,NA,NA,05 Marie Perivier,NA,NA
DC @ RAL,2024-04-06_17-31-34,DC,RAL,4/6/24 18:07,5,3,0,0,0.5,0.80987656,23 Lisa Dang,2,NA,NA,NA,36 Carolyn Normile,NA,NA
DC @ RAL,2024-04-06_17-31-34,DC,RAL,4/6/24 18:09,5,4,0,0,0.84583336,0.7407408,16 Margaret Walker,2,NA,NA,NA,37 Claire Trop,NA,NA
DC @ RAL,2024-04-06_17-31-34,DC,RAL,4/6/24 18:31,7,1,1,0,0.11666667,0.69876546,13 Sami Smalling,9,NA,NA,NA,12 Clare Frantz,NA,NA
DC @ RAL,2024-04-06_17-31-34,DC,RAL,4/6/24 18:35,7,2,1,0,0.6430556,0.7111111,36 Carolyn Normile,12,NA,NA,NA,23 Lisa Dang,NA,NA
DC @ RAL,2024-04-06_17-31-34,DC,RAL,4/6/24 18:38,7,3,1,0,0.50416666,0.732716,23 Lisa Dang,1,NA,NA,NA,23 Lisa Dang,NA,NA
DC @ RAL,2024-04-06_17-31-34,DC,RAL,4/6/24 18:38,7,4,1,1,0.84722227,0.7308642,23 Lisa Dang,7,12 Clare Frantz,13 Sami Smalling,12 Clare Frantz,NA,NA,NA
DC @ RAL,2024-04-06_17-31-34,DC,RAL,4/6/24 18:42,8,1,0,0,0.8736111,0.46296296,66 Jackie Wang,5,NA,NA,NA,37 Claire Trop,NA,NA
DC @ RAL,2024-04-06_17-31-34,DC,RAL,4/6/24 18:43,8,2,0,0,0.5222222,0.48518518,66 Jackie Wang,4,NA,NA,NA,24 Jamie Eriksson,15 Florence Brooks,NA
DC @ RAL,2024-04-06_17-31-34,DC,RAL,4/6/24 18:45,8,3,0,0,0.79583335,0.5462963,01 Ashleigh Jentilet,1,NA,NA,NA,01 Ashleigh Jentilet,NA,NA
DC @ RAL,2024-04-06_17-31-34,DC,RAL,4/6/24 18:50,10,1,1,0,0.49722221,0.73888886,36 Carolyn Normile,3,NA,NA,NA,23 Lisa Dang,NA,NA
DC @ RAL,2024-04-06_17-31-34,DC,RAL,4/6/24 18:51,10,2,1,0,0.17361107,0.7882716,36 Carolyn Normile,2,NA,NA,NA,23 Lisa Dang,NA,NA
DC @ RAL,2024-04-06_17-31-34,DC,RAL,4/6/24 18:54,11,1,1,0,0.4902778,0.6092593,09 Annalise Peters,3,NA,NA,NA,37 Claire Trop,NA,NA
DC @ RAL,2024-04-06_17-31-34,DC,RAL,4/6/24 18:56,11,2,1,0,0.1305556,0.5277778,66 Jackie Wang,2,NA,NA,NA,09 Annalise Peters,NA,NA
DC @ RAL,2024-04-06_17-31-34,DC,RAL,4/6/24 18:57,11,3,1,0,0.2555556,0.6006173,09 Annalise Peters,7,NA,NA,NA,09 Annalise Peters,NA,NA
DC @ RAL,2024-04-06_17-31-34,DC,RAL,4/6/24 19:07,12,1,1,0,0.48194447,0.7777778,36 Carolyn Normile,6,NA,NA,NA,37 Claire Trop,NA,NA
DC @ RAL,2024-04-06_17-31-34,DC,RAL,4/6/24 19:09,12,2,1,0,0.38333333,0.65925926,16 Margaret Walker,9,NA,NA,NA,08 Kathryn Ritzman,NA,NA
DC @ RAL,2024-04-06_17-31-34,DC,RAL,4/6/24 19:11,12,3,1,0,0.73194444,0.7160494,36 Carolyn Normile,1,NA,NA,NA,36 Carolyn Normile,NA,NA
DC @ RAL,2024-04-06_17-31-34,DC,RAL,4/6/24 19:12,12,4,1,0,0.23472227,0.7882716,36 Carolyn Normile,4,NA,NA,NA,23 Lisa Dang,NA,NA
DC @ RAL,2024-04-06_17-31-34,DC,RAL,4/6/24 19:14,12,5,1,0,0.5013889,0.6314815,37 Claire Trop,4,NA,NA,NA,16 Margaret Walker,NA,NA
DC @ RAL,2024-04-06_17-31-34,DC,RAL,4/6/24 19:16,12,6,1,1,0.2277778,0.80493826,16 Margaret Walker,11,12 Clare Frantz,19 Allie Wallace,37 Claire Trop,NA,NA,NA
DC @ RAL,2024-04-06_17-31-34,DC,RAL,4/6/24 19:21,13,1,0,1,0.50416666,0.7962963,09 Annalise Peters,3,24 Jamie Eriksson,01 Ashleigh Jentilet,15 Florence Brooks,NA,NA,NA
DC @ RAL,2024-04-06_17-31-34,DC,RAL,4/6/24 19:25,14,1,0,1,0.62361115,0.79444444,66 Jackie Wang,14,22 Erin McCann,01 Ashleigh Jentilet,04 Ellen Mueller,NA,NA,NA
DC @ RAL,2024-04-06_17-31-34,DC,RAL,4/6/24 19:32,15,1,0,0,0.52361107,0.7796296,01 Ashleigh Jentilet,5,NA,NA,NA,07 Kami Groom,NA,NA
DC @ RAL,2024-04-06_17-31-34,DC,RAL,4/6/24 19:34,15,2,0,0,0.79583335,0.3574074,15 Florence Brooks,5,NA,NA,NA,07 Kami Groom,NA,NA
DC @ RAL,2024-04-06_17-31-34,DC,RAL,4/6/24 21:39,16,1,0,0,0.90972227,0.8117284,09 Annalise Peters,6,NA,NA,NA,09 Annalise Peters,NA,NA
DC @ RAL,2024-04-06_17-31-34,DC,RAL,4/6/24 21:42,16,2,0,1,0.1375,0.52592593,09 Annalise Peters,7,46 Graham Cunningham,04 Ellen Mueller,09 Annalise Peters,NA,NA,NA
DC @ RAL,2024-04-06_17-31-34,DC,RAL,4/6/24 21:46,17,1,0,1,0.16666667,0.45,21 Jess Oh,3,66 Jackie Wang,07 Kami Groom,46 Graham Cunningham,NA,NA,NA
DC @ RAL,2024-04-06_17-31-34,DC,RAL,4/6/24 21:52,19,1,1,1,0.6930555,0.5604938,23 Lisa Dang,2,23 Lisa Dang,05 Marie Perivier,37 Claire Trop,NA,NA,NA
DC @ RAL,2024-04-06_17-31-34,DC,RAL,4/6/24 21:55,20,1,0,0,0.9125,0.70246917,09 Annalise Peters,1,NA,NA,NA,09 Annalise Peters,NA,NA
DC @ RAL,2024-04-06_17-31-34,DC,RAL,4/6/24 21:57,21,1,1,0,0.79305553,0.54753083,23 Lisa Dang,5,NA,NA,NA,NA,08 Kathryn Ritzman,NA
DC @ RAL,2024-04-06_17-31-34,DC,RAL,4/6/24 22:00,21,2,1,1,0.68333334,0.2148148,36 Carolyn Normile,2,36 Carolyn Normile,37 Claire Trop,19 Allie Wallace,NA,NA,NA
DC @ RAL,2024-04-06_17-31-34,DC,RAL,4/6/24 22:02,22,1,0,1,0.7388889,0.79691356,13 Sami Smalling,13,13 Sami Smalling,01 Ashleigh Jentilet,15 Florence Brooks,NA,NA,NA
DC @ RAL,2024-04-06_17-31-34,DC,RAL,4/6/24 22:12,23,1,0,1,0.8819444,0.54135805,66 Jackie Wang,5,04 Ellen Mueller,15 Florence Brooks,07 Kami Groom,NA,NA,NA
DC @ RAL,2024-04-06_17-31-34,DC,RAL,4/6/24 22:16,24,1,0,0,0.72083336,0.6623457,07 Kami Groom,2,NA,NA,NA,09 Annalise Peters,NA,NA
DC @ RAL,2024-04-06_17-31-34,DC,RAL,4/6/24 22:18,24,2,0,1,0.8847223,0.48580247,21 Jess Oh,10,21 Jess Oh,22 Erin McCann,37 Claire Trop,NA,NA,NA
DC @ RAL,2024-04-06_17-31-34,DC,RAL,4/6/24 22:22,25,1,0,0,0.16666667,0.74135804,23 Lisa Dang,4,NA,NA,NA,21 Jess Oh,NA,NA
DC @ RAL,2024-04-06_17-30-00,RAL,DC,2024-04-07 17:59:19,2,1,1,0,0.27044025,0.61616164,32 Annie Bocko,15,NA,NA,NA,NA,27 Mary Rippe,NA
DC @ RAL,2024-04-06_17-30-00,RAL,DC,2024-04-07 18:19:57,3,1,1,0,0.49266246,0.64491063,59 Audrey Lyman,7,NA,NA,NA,59 Audrey Lyman,17 Emily Przykucki,NA
DC @ RAL,2024-04-06_17-30-00,RAL,DC,2024-04-07 18:23:09,3,2,1,0,0.22012578,0.8251748,59 Audrey Lyman,1,NA,NA,NA,59 Audrey Lyman,NA,NA
DC @ RAL,2024-04-06_17-30-00,RAL,DC,2024-04-07 18:28:20,4,1,1,0,0.802935,0.5407925,13 Tyler Smith,4,NA,NA,NA,90 Qxhna Titcomb,NA,NA
DC @ RAL,2024-04-06_17-30-00,RAL,DC,2024-04-07 18:32:34,5,1,1,0,0.4989518,0.72494173,45 Caitlin Gross,14,NA,NA,NA,45 Caitlin Gross,NA,NA
DC @ RAL,2024-04-06_17-30-00,RAL,DC,2024-04-07 18:35:34,5,2,1,0,0.006289308,0.38228437,44 Chloe Greene,5,NA,NA,NA,44 Chloe Greene,NA,NA
DC @ RAL,2024-04-06_17-30-00,RAL,DC,2024-04-07 18:41:44,5,3,1,0,0.475891,0.18,45 Caitlin Gross,4,NA,NA,NA,NA,10 Paige Carver,NA
DC @ RAL,2024-04-06_17-30-00,RAL,DC,2024-04-07 18:42:41,5,4,1,0,0.15932915,0.36596736,44 Chloe Greene,2,NA,NA,NA,02 Claire Bidigaire-Curtis,NA,NA
DC @ RAL,2024-04-06_17-30-00,RAL,DC,2024-04-07 18:47:38,5,5,1,0,0.004192872,0.8243978,45 Caitlin Gross,9,NA,NA,NA,45 Caitlin Gross,NA,NA
DC @ RAL,2024-04-06_17-30-00,RAL,DC,2024-04-07 19:03:32,6,1,1,1,0.2746331,0.66355866,03 Grace Conerly,10,59 Audrey Lyman,01 Lindsay Soo,03 Grace Conerly,NA,NA,NA
DC @ RAL,2024-04-06_17-30-00,RAL,DC,2024-04-07 19:08:09,7,1,0,0,0.21802935,0.66977465,13 Tyler Smith,3,NA,NA,NA,13 Tyler Smith,NA,NA
DC @ RAL,2024-04-06_17-30-00,RAL,DC,2024-04-07 19:10:22,7,2,0,0,0.8469602,0.82051283,13 Tyler Smith,1,NA,NA,NA,13 Tyler Smith,NA,NA
DC @ RAL,2024-04-06_17-30-00,RAL,DC,2024-04-07 19:11:34,7,3,0,0,0.1341719,0.4957265,13 Tyler Smith,5,NA,NA,NA,28 Claire Revere,NA,NA
DC @ RAL,2024-04-06_17-30-00,RAL,DC,2024-04-07 19:14:10,8,1,1,0,0.3836478,0.74125874,45 Caitlin Gross,4,NA,NA,NA,33 Erica Birdsong,NA,NA
DC @ RAL,2024-04-06_17-30-00,RAL,DC,2024-04-07 19:15:26,8,2,1,0,1.0,0.6814297,32 Annie Bocko,5,NA,NA,NA,88 Maddie Pletzke,02 Claire Bidigaire-Curtis,NA
DC @ RAL,2024-04-06_17-30-00,RAL,DC,2024-04-07 19:17:14,8,3,1,0,0.9958071,0.5990676,45 Caitlin Gross,4,NA,NA,NA,33 Erica Birdsong,NA,NA
DC @ RAL,2024-04-06_17-30-00,RAL,DC,2024-04-07 19:18:36,8,4,1,0,0.023060797,0.8174048,45 Caitlin Gross,1,NA,NA,NA,45 Caitlin Gross,NA,NA
DC @ RAL,2024-04-06_17-30-00,RAL,DC,2024-04-07 19:20:30,9,1,1,1,0.18448637,0.5633256,03 Grace Conerly,3,06 Jenny Wei,11 Dawn Culton,01 Lindsay Soo,NA,NA,NA
DC @ RAL,2024-04-06_17-30-00,RAL,DC,2024-04-07 19:23:43,10,1,0,0,0.23480085,0.33799535,28 Claire Revere,9,NA,NA,NA,NA,16 Tania Proksch,NA
DC @ RAL,2024-04-06_17-30-00,RAL,DC,2024-04-07 19:26:05,10,2,0,1,0.36268345,0.28282827,90 Qxhna Titcomb,1,NA,90 Qxhna Titcomb,28 Claire Revere,NA,NA,NA
DC @ RAL,2024-04-06_17-30-00,RAL,DC,2024-04-07 19:28:04,11,1,0,0,0.802935,0.74902874,44 Chloe Greene,9,NA,NA,NA,12 Katie Backus Meilstrup,NA,NA
DC @ RAL,2024-04-06_17-30-00,RAL,DC,2024-04-07 19:29:59,11,2,0,0,0.6771488,0.85159284,02 Claire Bidigaire-Curtis,2,NA,NA,NA,44 Chloe Greene,NA,NA
DC @ RAL,2024-04-06_17-30-00,RAL,DC,2024-04-07 19:34:53,11,3,0,0,0.22431865,0.64568764,32 Annie Bocko,12,NA,NA,NA,45 Caitlin Gross,NA,NA
DC @ RAL,2024-04-06_17-30-00,RAL,DC,2024-04-07 20:57:32,12,1,0,0,0.6163522,0.8104118,59 Audrey Lyman,3,NA,NA,NA,59 Audrey Lyman,NA,NA
DC @ RAL,2024-04-06_17-30-00,RAL,DC,2024-04-07 20:58:30,12,2,0,0,0.32704404,0.8150738,59 Audrey Lyman,2,NA,NA,NA,11 Dawn Culton,NA,NA
DC @ RAL,2024-04-06_17-30-00,RAL,DC,2024-04-07 20:59:21,12,3,0,0,0.2557652,0.6130536,01 Lindsay Soo,8,NA,NA,NA,06 Jenny Wei,NA,NA
DC @ RAL,2024-04-06_17-30-00,RAL,DC,2024-04-07 21:01:20,12,4,0,0,0.004192872,0.45687646,59 Audrey Lyman,5,NA,NA,NA,01 Lindsay Soo,NA,NA
DC @ RAL,2024-04-06_17-30-00,RAL,DC,2024-04-07 21:03:13,12,5,0,0,0.19287212,0.5003885,59 Audrey Lyman,4,NA,NA,NA,59 Audrey Lyman,NA,NA
DC @ RAL,2024-04-06_17-30-00,RAL,DC,2024-04-07 21:06:07,13,1,1,0,0.36897275,0.8010878,13 Tyler Smith,13,NA,NA,NA,13 Tyler Smith,16 Tania Proksch,NA
DC @ RAL,2024-04-06_17-30-00,RAL,DC,2024-04-07 21:11:34,14,1,1,0,0.20125785,0.54933953,32 Annie Bocko,4,NA,NA,NA,45 Caitlin Gross,NA,NA
DC @ RAL,2024-04-06_17-30-00,RAL,DC,2024-04-07 21:14:50,15,1,1,0,0.33333334,0.8189588,03 Grace Conerly,4,NA,NA,NA,59 Audrey Lyman,NA,NA
DC @ RAL,2024-04-06_17-30-00,RAL,DC,2024-04-07 21:18:10,15,2,1,0,0.3417191,0.82128984,59 Audrey Lyman,2,NA,NA,NA,03 Grace Conerly,NA,NA
DC @ RAL,2024-04-06_17-30-00,RAL,DC,2024-04-07 21:20:45,15,3,1,0,0.7631027,0.75213677,59 Audrey Lyman,5,NA,NA,NA,59 Audrey Lyman,NA,NA
DC @ RAL,2024-04-06_17-30-00,RAL,DC,2024-04-14 18:42:26,16,1,1,0,0.6981132,0.5182595,13 Tyler Smith,11,NA,NA,NA,13 Tyler Smith,NA,NA
DC @ RAL,2024-04-06_17-30-00,RAL,DC,2024-04-14 18:45:24,16,2,1,0,0.25786164,0.5710956,90 Qxhna Titcomb,5,NA,NA,NA,90 Qxhna Titcomb,NA,NA
DC @ RAL,2024-04-06_17-30-00,RAL,DC,2024-04-14 18:47:51,17,1,1,0,0.509434,0.56021756,44 Chloe Greene,1,NA,NA,NA,44 Chloe Greene,NA,NA
DC @ RAL,2024-04-06_17-30-00,RAL,DC,2024-04-14 18:51:57,18,1,1,1,0.8113208,0.6060606,03 Grace Conerly,4,03 Grace Conerly,11 Dawn Culton,22 Julia Zwierzynski,NA,NA,NA
DC @ RAL,2024-04-06_17-30-00,RAL,DC,2024-04-14 18:54:25,20,1,1,0,0.2389937,0.49028748,32 Annie Bocko,3,NA,NA,NA,33 Erica Birdsong,32 Annie Bocko,NA
DC @ RAL,2024-04-06_17-30-00,RAL,DC,2024-04-14 18:55:42,20,2,1,1,0.16352202,0.7288267,44 Chloe Greene,11,02 Claire Bidigaire-Curtis,33 Erica Birdsong,45 Caitlin Gross,NA,NA,NA
DC @ RAL,2024-04-06_17-30-00,RAL,DC,2024-04-14 19:01:29,21,1,0,0,0.9748428,0.7373737,03 Grace Conerly,2,NA,NA,NA,17 Emily Przykucki,03 Grace Conerly,NA
DC @ RAL,2024-04-06_17-30-00,RAL,DC,2024-04-14 19:03:45,22,1,1,0,0.6792453,0.5477855,13 Tyler Smith,5,NA,NA,NA,13 Tyler Smith,NA,NA
DC @ RAL,2024-04-06_17-30-00,RAL,DC,2024-04-14 19:06:01,23,1,1,0,0.6687631,0.6938617,32 Annie Bocko,5,NA,NA,NA,32 Annie Bocko,45 Caitlin Gross,NA
DC @ RAL,2024-04-06_17-30-00,RAL,DC,2024-04-14 19:08:03,24,1,1,0,0.35220125,0.6099456,59 Audrey Lyman,10,NA,NA,NA,17 Emily Przykucki,NA,NA
DC @ RAL,2024-04-06_17-30-00,RAL,DC,2024-04-14 19:10:33,24,2,1,0,0.16142558,0.75213677,59 Audrey Lyman,1,NA,NA,NA,59 Audrey Lyman,NA,NA
DC @ RAL,2024-04-06_17-30-00,RAL,DC,2024-04-14 19:11:50,25,1,1,0,0.48637316,0.63714063,13 Tyler Smith,4,NA,NA,NA,90 Qxhna Titcomb,NA,NA
"NASH @ INDY",2024-04-06_17-00-00,INDY,"NASH",2024-04-07 12:59:17,1,1,1,0,0.104166664,0.5685185,17 Kristin Dudley,3,NA,NA,NA,32 Shani Rosenthal,NA,NA
"NASH @ INDY",2024-04-06_17-00-00,INDY,"NASH",2024-04-07 13:01:55,1,2,1,0,0.06111107,0.4722222,18 Laura Gerencser,3,NA,NA,NA,NA,66 Mya Hernandez,NA
"NASH @ INDY",2024-04-06_17-00-00,INDY,"NASH",2024-04-07 13:03:26,1,3,1,1,0.42777774,0.21728395,04 Rachel Mast,1,NA,04 Rachel Mast,32 Shani Rosenthal,NA,NA,NA
"NASH @ INDY",2024-04-06_17-00-00,INDY,"NASH",2024-04-07 13:11:28,3,1,1,1,0.40555555,0.5388889,34 Lauren Kitten,5,40 Claire Milton,66 Mya Hernandez,32 Shani Rosenthal,NA,NA,NA
"NASH @ INDY",2024-04-06_17-00-00,INDY,"NASH",2024-04-07 13:18:15,4,1,0,1,0.26944447,0.55864197,02 Maketa Mattatore,12,59 Maple Adkins-Threats,23 Lili Hobday,14 Briana Burriss,NA,NA,NA
"NASH @ INDY",2024-04-06_17-00-00,INDY,"NASH",2024-04-07 13:24:40,6,1,1,0,0.89166665,0.61975306,11 Tracey Lo,2,NA,NA,NA,34 Lauren Kitten,NA,NA
"NASH @ INDY",2024-04-06_17-00-00,INDY,"NASH",2024-04-07 13:27:09,7,1,1,1,0.4819444,0.5648148,11 Tracey Lo,3,04 Rachel Mast,32 Shani Rosenthal,24 Abby Swensen,NA,NA,NA
"NASH @ INDY",2024-04-06_17-00-00,INDY,"NASH",2024-04-07 13:30:43,8,1,0,0,0.033333335,0.49567902,21 Elizabeth Burkhardt,1,NA,NA,NA,21 Elizabeth Burkhardt,NA,NA
"NASH @ INDY",2024-04-06_17-00-00,INDY,"NASH",2024-04-07 13:32:18,8,2,0,0,0.7652778,0.8228395,06 Risa Umeno,1,NA,NA,NA,06 Risa Umeno,NA,NA
"NASH @ INDY",2024-04-06_17-00-00,INDY,"NASH",2024-04-07 13:34:20,9,1,1,1,0.4569444,0.6154321,11 Tracey Lo,2,11 Tracey Lo,32 Shani Rosenthal,40 Claire Milton,NA,NA,NA
"NASH @ INDY",2024-04-06_17-00-00,INDY,"NASH",2024-04-07 13:38:17,10,1,0,0,0.31111112,0.83271605,02 Maketa Mattatore,6,NA,NA,NA,23 Lili Hobday,NA,NA
"NASH @ INDY",2024-04-06_17-00-00,INDY,"NASH",2024-04-07 13:45:06,11,1,0,0,0.53055555,0.5611111,06 Risa Umeno,3,NA,NA,NA,06 Risa Umeno,NA,NA
"NASH @ INDY",2024-04-06_17-00-00,INDY,"NASH",2024-04-07 13:45:46,11,2,0,0,0.9486111,0.8191358,02 Maketa Mattatore,2,NA,NA,NA,06 Risa Umeno,NA,NA
"NASH @ INDY",2024-04-06_17-00-00,INDY,"NASH",2024-04-07 13:48:14,12,1,1,1,0.75555557,0.6740741,18 Laura Gerencser,5,40 Claire Milton,04 Rachel Mast,24 Abby Swensen,NA,NA,NA
"NASH @ INDY",2024-04-06_17-00-00,INDY,"NASH",2024-04-07 13:51:42,13,1,0,1,0.21527773,0.57098764,14 Briana Burriss,12,32 Shani Rosenthal,24 Abby Swensen,11 Tracey Lo,NA,NA,NA
"NASH @ INDY",2024-04-06_17-00-00,INDY,"NASH",2024-04-07 14:07:31,14,1,0,0,0.71944445,0.77839506,14 Briana Burriss,2,NA,NA,NA,20 Shirley Saunders,NA,NA
"NASH @ INDY",2024-04-06_17-00-00,INDY,"NASH",2024-04-07 14:08:47,15,1,1,0,0.64166665,0.6345679,11 Tracey Lo,6,NA,NA,NA,66 Mya Hernandez,NA,NA
"NASH @ INDY",2024-04-06_17-00-00,INDY,"NASH",2024-04-07 14:11:27,15,2,1,1,0.051388867,0.60123456,17 Kristin Dudley,4,29 Emily Schloneger,40 Claire Milton,11 Tracey Lo,NA,NA,NA
"NASH @ INDY",2024-04-06_17-00-00,INDY,"NASH",2024-04-07 14:12:54,16,1,0,0,0.9180556,0.5339506,14 Briana Burriss,9,NA,NA,NA,32 Shani Rosenthal,NA,NA
"NASH @ INDY",2024-04-06_17-00-00,INDY,"NASH",2024-04-07 14:17:27,17,1,1,1,0.3125,0.6228395,17 Kristin Dudley,7,29 Emily Schloneger,40 Claire Milton,17 Kristin Dudley,NA,NA,NA
"NASH @ INDY",2024-04-06_17-00-00,INDY,"NASH",2024-04-07 19:10:52,18,1,0,1,0.975,0.5901235,11 Tracey Lo,5,04 Rachel Mast,24 Abby Swensen,32 Shani Rosenthal,NA,NA,NA
"NASH @ INDY",2024-04-06_17-00-00,INDY,"NASH",2024-04-07 19:16:14,20,1,1,0,0.52916664,0.5895062,34 Lauren Kitten,10,NA,NA,NA,NA,34 Lauren Kitten,NA
"NASH @ INDY",2024-04-06_17-00-00,INDY,"NASH",2024-04-07 19:19:56,20,2,1,0,0.3430556,0.8518519,17 Kristin Dudley,1,NA,NA,NA,17 Kristin Dudley,NA,NA
"NASH @ INDY",2024-04-06_17-00-00,INDY,"NASH",2024-04-07 19:20:31,20,3,1,0,0.33611113,0.7358025,34 Lauren Kitten,1,NA,NA,NA,34 Lauren Kitten,NA,NA
"NASH @ INDY",2024-04-06_17-00-00,INDY,"NASH",2024-04-07 19:21:07,20,4,1,0,0.51944447,0.33827162,17 Kristin Dudley,3,NA,NA,NA,NA,04 Rachel Mast,NA
"NASH @ INDY",2024-04-06_17-00-00,INDY,"NASH",2024-04-07 19:23:30,20,5,1,0,0.2305556,0.8006173,06 Risa Umeno,2,NA,NA,NA,14 Briana Burriss,NA,NA
"NASH @ INDY",2024-04-06_17-00-00,INDY,"NASH",2024-04-07 19:24:51,21,1,1,0,0.0875,0.7185185,17 Kristin Dudley,7,NA,NA,NA,11 Tracey Lo,NA,NA
"NASH @ INDY",2024-04-06_17-00-00,INDY,"NASH",2024-04-07 19:26:24,21,2,1,0,0.925,0.73148143,11 Tracey Lo,2,NA,NA,NA,04 Rachel Mast,NA,NA
"NASH @ INDY",2024-04-06_17-00-00,INDY,"NASH",2024-04-07 19:27:13,21,3,1,1,0.76805556,0.72037035,11 Tracey Lo,4,40 Claire Milton,29 Emily Schloneger,24 Abby Swensen,NA,NA,NA
"NASH @ INDY",2024-04-06_17-00-00,INDY,"NASH",2024-04-07 19:30:15,22,1,0,1,0.36388892,0.8351852,17 Kristin Dudley,11,18 Laura Gerencser,40 Claire Milton,24 Abby Swensen,NA,NA,NA
"NASH @ INDY",2024-04-06_17-00-00,INDY,"NASH",2024-04-07 22:18:01,23,1,0,0,0.7402778,0.5240741,06 Risa Umeno,3,NA,NA,NA,23 Lili Hobday,NA,NA
"NASH @ INDY",2024-04-06_17-00-00,INDY,"NASH",2024-04-07 22:18:57,23,2,0,0,0.7444445,0.8104938,06 Risa Umeno,12,NA,NA,NA,33 Jalyn Baumgartner,NA,NA
"NASH @ INDY",2024-04-06_17-00-00,INDY,"NASH",2024-04-07 22:22:33,24,1,1,1,0.47638887,0.737037,17 Kristin Dudley,5,40 Claire Milton,32 Shani Rosenthal,66 Mya Hernandez,NA,NA,NA
"NASH @ INDY",2024-04-06_17-00-00,INDY,"NASH",2024-04-07 22:25:16,25,1,0,0,0.56111115,0.45617285,59 Maple Adkins-Threats,3,NA,NA,NA,NA,33 Jalyn Baumgartner,NA
"NASH @ INDY",2024-04-06_17-00-00,INDY,"NASH",2024-04-07 22:27:42,26,1,1,0,0.28888887,0.73086417,34 Lauren Kitten,3,NA,NA,NA,11 Tracey Lo,NA,NA
"NASH @ INDY",2024-04-06_17-00-00,INDY,"NASH",2024-04-07 22:30:03,26,2,1,0,0.026388867,0.7339506,21 Elizabeth Burkhardt,4,NA,NA,NA,59 Maple Adkins-Threats,NA,NA
"NASH @ INDY",2024-04-06_17-00-00,INDY,"NASH",2024-04-07 22:32:02,27,1,1,1,0.49583334,0.5895062,11 Tracey Lo,8,66 Mya Hernandez,24 Abby Swensen,17 Kristin Dudley,NA,NA,NA
"NASH @ INDY",2024-04-06_17-00-00,INDY,"NASH",2024-04-07 22:35:26,28,1,0,0,0.6458333,0.5753086,06 Risa Umeno,3,NA,NA,NA,16 Riely Kuznicki,NA,NA
"NASH @ INDY",2024-04-06_17-00-00,INDY,"NASH",2024-04-07 22:36:57,28,2,0,0,0.18333334,0.43888888,02 Maketa Mattatore,1,NA,NA,NA,02 Maketa Mattatore,NA,NA
"NASH @ INDY",2024-04-06_17-00-00,INDY,"NASH",2024-04-07 22:38:04,28,3,0,1,0.54861104,0.56790125,23 Lili Hobday,8,34 Lauren Kitten,40 Claire Milton,24 Abby Swensen,NA,NA,NA
"NASH @ INDY",2024-04-06_17-00-00,"NASH",INDY,2024-04-08 11:49:27,1,1,0,0,0.22083333,0.65555555,24 Mia Letterie,3,NA,NA,NA,20 Noel Holmes,NA,NA
"NASH @ INDY",2024-04-06_17-00-00,"NASH",INDY,2024-04-08 11:51:20,1,2,0,0,0.2555556,0.84876543,24 Mia Letterie,1,NA,NA,NA,24 Mia Letterie,NA,NA
"NASH @ INDY",2024-04-06_17-00-00,"NASH",INDY,2024-04-08 11:59:27,2,1,1,1,0.39305553,0.6339506,28 Margie Quinn,16,08 Grace Robinson,28 Margie Quinn,27 Katharine Gilbert,NA,NA,NA
"NASH @ INDY",2024-04-06_17-00-00,"NASH",INDY,2024-04-08 12:08:02,4,1,1,0,0.9152777,0.6030864,16 Emily Branson,1,NA,NA,NA,16 Emily Branson,NA,NA
"NASH @ INDY",2024-04-06_17-00-00,"NASH",INDY,2024-04-08 12:11:40,5,1,1,1,0.41388893,0.6283951,24 Mia Letterie,7,12 Meaghan Creamer,45 Sylvia Brown,06 Micah Roberts,NA,NA,NA
"NASH @ INDY",2024-04-06_17-00-00,"NASH",INDY,2024-04-08 12:16:38,6,1,0,1,0.5847222,0.39382714,11 Jamie Ferrie,10,45 Sylvia Brown,02 Sierra Rimmer,21 Elena Rubino,NA,NA,NA
"NASH @ INDY",2024-04-06_17-00-00,"NASH",INDY,2024-04-08 12:21:23,8,1,1,0,0.34583333,0.55123454,27 Katharine Gilbert,3,NA,NA,NA,22 Rebecca Henley,NA,NA
"NASH @ INDY",2024-04-06_17-00-00,"NASH",INDY,2024-04-08 12:22:18,8,2,1,0,0.6930555,0.8333333,28 Margie Quinn,15,NA,NA,NA,08 Grace Robinson,NA,NA
"NASH @ INDY",2024-04-06_17-00-00,"NASH",INDY,2024-04-08 12:24:44,8,3,1,1,0.1347222,0.50987655,28 Margie Quinn,9,10 Tori Taylor,28 Margie Quinn,10 Tori Taylor,NA,NA,NA
"NASH @ INDY",2024-04-06_17-00-00,"NASH",INDY,2024-04-08 12:28:55,10,1,1,0,0.39861107,0.6407407,28 Margie Quinn,4,NA,NA,NA,10 Tori Taylor,NA,NA
"NASH @ INDY",2024-04-06_17-00-00,"NASH",INDY,2024-04-08 12:30:06,10,2,1,0,0.18333334,0.37160492,27 Katharine Gilbert,3,NA,NA,NA,27 Katharine Gilbert,NA,NA
"NASH @ INDY",2024-04-06_17-00-00,"NASH",INDY,2024-04-08 12:32:39,11,1,1,0,0.4375,0.54135805,27 Katharine Gilbert,17,NA,NA,NA,10 Tori Taylor,NA,NA
"NASH @ INDY",2024-04-06_17-00-00,"NASH",INDY,2024-04-08 12:35:48,11,2,1,0,0.55833334,0.47901234,27 Katharine Gilbert,4,NA,NA,NA,10 Tori Taylor,NA,NA
"NASH @ INDY",2024-04-06_17-00-00,"NASH",INDY,2024-04-08 12:36:55,11,3,1,1,0.12361113,0.57469136,10 Tori Taylor,9,08 Grace Robinson,28 Margie Quinn,16 Emily Branson,NA,NA,NA
"NASH @ INDY",2024-04-06_17-00-00,"NASH",INDY,2024-04-08 12:41:36,13,1,1,0,0.49722227,0.6703704,28 Margie Quinn,7,NA,NA,NA,72 Grace Castro,NA,NA
"NASH @ INDY",2024-04-06_17-00-00,"NASH",INDY,2024-04-08 12:47:58,14,1,1,0,0.24027774,0.65,20 Noel Holmes,19,NA,NA,NA,45 Sylvia Brown,NA,NA
"NASH @ INDY",2024-04-06_17-00-00,"NASH",INDY,2024-04-08 12:51:40,14,2,1,1,0.35138887,0.19012345,24 Mia Letterie,3,45 Sylvia Brown,24 Mia Letterie,12 Meaghan Creamer,NA,NA,NA
"NASH @ INDY",2024-04-06_17-00-00,"NASH",INDY,2024-04-08 12:53:59,15,1,0,0,0.05138893,0.7197531,02 Sierra Rimmer,5,NA,NA,NA,10 Tori Taylor,NA,NA
"NASH @ INDY",2024-04-06_17-00-00,"NASH",INDY,2024-04-08 12:57:26,16,1,1,0,0.41666666,0.61728394,45 Sylvia Brown,1,NA,NA,NA,45 Sylvia Brown,NA,NA
"NASH @ INDY",2024-04-06_17-00-00,"NASH",INDY,2024-04-08 12:58:51,16,2,1,1,0.21388887,0.59999996,82 Mary Turner,13,20 Noel Holmes,24 Mia Letterie,45 Sylvia Brown,NA,NA,NA
"NASH @ INDY",2024-04-06_17-00-00,"NASH",INDY,2024-04-08 15:36:45,19,1,1,1,0.51944447,0.6216049,27 Katharine Gilbert,4,27 Katharine Gilbert,10 Tori Taylor,22 Rebecca Henley,NA,NA,NA
"NASH @ INDY",2024-04-06_17-00-00,"NASH",INDY,2024-04-08 15:40:57,20,1,0,0,0.34305555,0.83148146,45 Sylvia Brown,6,NA,NA,NA,25 Nadine Rowen,NA,NA
"NASH @ INDY",2024-04-06_17-00-00,"NASH",INDY,2024-04-08 15:43:40,20,2,0,0,0.24305554,0.32407406,25 Nadine Rowen,5,NA,NA,NA,27 Katharine Gilbert,NA,NA
"NASH @ INDY",2024-04-06_17-00-00,"NASH",INDY,2024-04-08 15:44:49,20,3,0,0,0.3569444,0.8216049,27 Katharine Gilbert,2,NA,NA,NA,24 Mia Letterie,NA,NA
"NASH @ INDY",2024-04-06_17-00-00,"NASH",INDY,2024-04-08 15:45:43,20,4,0,0,0.3597222,0.70987654,20 Noel Holmes,9,NA,NA,NA,NA,16 Emily Branson,NA
"NASH @ INDY",2024-04-06_17-00-00,"NASH",INDY,2024-04-08 15:48:30,20,5,0,1,0.16666667,0.27469134,08 Grace Robinson,5,22 Rebecca Henley,24 Mia Letterie,72 Grace Castro,NA,NA,NA
"NASH @ INDY",2024-04-06_17-00-00,"NASH",INDY,2024-04-08 15:51:03,21,1,0,0,0.44861114,0.54012346,02 Sierra Rimmer,7,NA,NA,NA,02 Sierra Rimmer,NA,NA
"NASH @ INDY",2024-04-06_17-00-00,"NASH",INDY,2024-04-08 15:52:59,21,2,0,0,0.38194448,0.5592593,28 Margie Quinn,4,NA,NA,NA,06 Micah Roberts,NA,NA
"NASH @ INDY",2024-04-06_17-00-00,"NASH",INDY,2024-04-08 15:55:19,22,1,1,0,0.9125,0.58518517,27 Katharine Gilbert,13,NA,NA,NA,28 Margie Quinn,NA,NA
"NASH @ INDY",2024-04-06_17-00-00,"NASH",INDY,2024-04-08 16:00:43,23,1,1,0,0.37361106,0.6691358,28 Margie Quinn,6,NA,NA,NA,08 Grace Robinson,NA,NA
"NASH @ INDY",2024-04-06_17-00-00,"NASH",INDY,2024-04-08 16:02:26,23,2,1,0,0.7972222,0.53518516,27 Katharine Gilbert,4,NA,NA,NA,10 Tori Taylor,NA,NA
"NASH @ INDY",2024-04-06_17-00-00,"NASH",INDY,2024-04-08 16:03:43,23,3,1,1,0.9777777,0.545679,16 Emily Branson,12,10 Tori Taylor,16 Emily Branson,28 Margie Quinn,NA,NA,NA
"NASH @ INDY",2024-04-06_17-00-00,"NASH",INDY,2024-04-08 16:09:53,25,1,1,0,0.49583334,0.6228395,28 Margie Quinn,6,NA,NA,NA,16 Emily Branson,NA,NA
"NASH @ INDY",2024-04-06_17-00-00,"NASH",INDY,2024-04-08 16:11:39,25,2,1,1,0.3194444,0.69814813,27 Katharine Gilbert,5,16 Emily Branson,28 Margie Quinn,10 Tori Taylor,NA,NA,NA
"NASH @ INDY",2024-04-06_17-00-00,"NASH",INDY,2024-04-08 16:14:58,26,1,0,0,0.9291667,0.45864198,09 Emma Patterson,6,NA,NA,NA,27 Katharine Gilbert,NA,NA
"NASH @ INDY",2024-04-06_17-00-00,"NASH",INDY,2024-04-08 16:17:23,26,2,0,1,0.21111113,0.42283952,16 Emily Branson,5,72 Grace Castro,10 Tori Taylor,27 Katharine Gilbert,NA,NA,NA
"NASH @ INDY",2024-04-06_17-00-00,"NASH",INDY,2024-04-08 16:21:28,28,1,1,0,0.5013889,0.56790125,27 Katharine Gilbert,3,NA,NA,NA,16 Emily Branson,NA,NA
"NASH @ INDY",2024-04-06_17-00-00,"NASH",INDY,2024-04-08 16:22:29,28,2,1,0,0.031944465,0.61851853,28 Margie Quinn,9,NA,NA,NA,08 Grace Robinson,NA,NA
"NASH @ INDY",2024-04-06_17-00-00,"NASH",INDY,2024-04-08 16:24:22,28,3,1,0,0.78888893,0.83641976,27 Katharine Gilbert,3,NA,NA,NA,27 Katharine Gilbert,NA,NA
"NASH @ INDY",2024-04-06_17-00-00,"NASH",INDY,2024-04-08 16:26:59,29,1,1,1,0.2444444,0.591358,16 Emily Branson,4,10 Tori Taylor,16 Emily Branson,08 Grace Robinson,NA,NA,NA
MKE @ NY,2024-04-13_17-00-00,MKE,NY,2024-04-13 17:33:57,1,1,0,0,0.45416668,0.45493826,22 Alex Ballinger,5,NA,NA,NA,12 Sydney French,NA,NA
MKE @ NY,2024-04-13_17-00-00,MKE,NY,2024-04-13 17:36:15,1,2,0,0,0.1180556,0.5419753,32 Mickela Heilicher,1,NA,NA,NA,NA,00 Donna Johnston,NA
MKE @ NY,2024-04-13_17-00-00,MKE,NY,2024-04-13 17:37:16,1,3,0,0,0.73333335,0.6018519,72 Jacqueline Jarik,2,NA,NA,NA,NA,12 Sydney French,NA
MKE @ NY,2024-04-13_17-00-00,MKE,NY,2024-04-13 17:39:30,1,4,0,1,0.20694447,0.6364198,12 Sydney French,4,22 Alex Ballinger,72 Jacqueline Jarik,97 Eileen Bequette,NA,NA,NA
MKE @ NY,2024-04-13_17-00-00,MKE,NY,2024-04-13 17:46:51,2,1,0,0,0.2819444,0.7339506,72 Jacqueline Jarik,5,NA,NA,NA,NA,12 Sydney French,NA
MKE @ NY,2024-04-13_17-00-00,MKE,NY,2024-04-13 17:50:52,3,1,1,0,0.71944445,0.7808642,08 Manhua Zhu,5,NA,NA,NA,21 Annie Shriver,NA,NA
MKE @ NY,2024-04-13_17-00-00,MKE,NY,2024-04-13 17:56:09,4,1,1,0,0.46388885,0.67839503,52 Erynn Schroeder,1,NA,NA,NA,52 Erynn Schroeder,NA,NA
MKE @ NY,2024-04-13_17-00-00,MKE,NY,2024-04-13 17:58:05,4,2,1,0,0.4847222,0.56296295,52 Erynn Schroeder,4,NA,NA,NA,21 Annie Shriver,NA,NA
MKE @ NY,2024-04-13_17-00-00,MKE,NY,2024-04-13 17:59:55,4,3,1,0,0.105555534,0.57407403,27 Stef Bugasch,2,NA,NA,NA,NA,21 Annie Shriver,NA
MKE @ NY,2024-04-13_17-00-00,MKE,NY,2024-04-13 18:03:27,5,1,1,0,0.49166667,0.7234568,22 Alex Ballinger,3,NA,NA,NA,12 Sydney French,NA,NA
MKE @ NY,2024-04-13_17-00-00,MKE,NY,2024-04-13 18:05:10,6,1,1,1,0.47638887,0.6030864,52 Erynn Schroeder,3,19 Emily Cohen,08 Manhua Zhu,21 Annie Shriver,NA,NA,NA
MKE @ NY,2024-04-13_17-00-00,MKE,NY,2024-04-13 18:08:18,7,1,0,0,0.7388889,0.7623457,32 Mickela Heilicher,7,NA,NA,NA,12 Sydney French,00 Donna Johnston,NA
MKE @ NY,2024-04-13_17-00-00,MKE,NY,2024-04-13 18:11:19,7,2,0,1,0.5027778,0.6580247,22 Alex Ballinger,8,00 Donna Johnston,12 Sydney French,72 Jacqueline Jarik,NA,NA,NA
MKE @ NY,2024-04-13_17-00-00,MKE,NY,2024-04-13 18:16:17,8,1,0,1,0.4875,0.6296296,52 Erynn Schroeder,1,NA,52 Erynn Schroeder,10 Chelsea Twohig,NA,NA,NA
MKE @ NY,2024-04-13_17-00-00,MKE,NY,2024-04-13 18:21:38,9,1,1,0,0.15138893,0.6598765,72 Jacqueline Jarik,7,NA,NA,NA,00 Donna Johnston,NA,NA
MKE @ NY,2024-04-13_17-00-00,MKE,NY,2024-04-13 18:22:43,9,2,1,0,0.077777795,0.8080247,52 Erynn Schroeder,3,NA,NA,NA,52 Erynn Schroeder,NA,NA
MKE @ NY,2024-04-13_17-00-00,MKE,NY,2024-04-13 18:26:42,9,3,1,0,0.6791667,0.75493824,52 Erynn Schroeder,6,NA,NA,NA,52 Erynn Schroeder,NA,NA
MKE @ NY,2024-04-13_17-00-00,MKE,NY,2024-04-13 18:28:33,9,4,1,0,0.9652778,0.72654325,08 Manhua Zhu,1,NA,NA,NA,08 Manhua Zhu,NA,NA
MKE @ NY,2024-04-13_17-00-00,MKE,NY,2024-04-13 18:31:03,10,1,1,0,0.3069444,0.7129629,52 Erynn Schroeder,3,NA,NA,NA,52 Erynn Schroeder,NA,NA
MKE @ NY,2024-04-13_17-00-00,MKE,NY,2024-04-13 18:31:42,10,2,1,0,0.6958333,0.7290123,52 Erynn Schroeder,3,NA,NA,NA,52 Erynn Schroeder,NA,NA
MKE @ NY,2024-04-13_17-00-00,MKE,NY,2024-04-13 18:32:35,10,3,1,0,0.15,0.5703704,05 Rose Glinka,1,NA,NA,NA,NA,52 Erynn Schroeder,NA
MKE @ NY,2024-04-13_17-00-00,MKE,NY,2024-04-13 18:33:14,10,4,1,0,0.0847222,0.6228395,52 Erynn Schroeder,2,NA,NA,NA,88 Claire Kelley,NA,NA
MKE @ NY,2024-04-13_17-00-00,MKE,NY,2024-04-13 18:37:19,11,1,1,0,0.84722227,0.75493824,52 Erynn Schroeder,2,NA,NA,NA,19 Emily Cohen,NA,NA
MKE @ NY,2024-04-13_17-00-00,MKE,NY,2024-04-13 18:38:06,11,2,1,1,0.35972226,0.50308645,08 Manhua Zhu,1,NA,08 Manhua Zhu,13 Erin Newman,NA,NA,NA
MKE @ NY,2024-04-13_17-00-00,MKE,NY,2024-04-13 18:41:17,13,1,1,0,0.6194445,0.7641975,52 Erynn Schroeder,4,NA,NA,NA,05 Rose Glinka,NA,NA
MKE @ NY,2024-04-13_17-00-00,MKE,NY,2024-04-13 18:42:40,13,2,1,0,0.48472226,0.82962966,52 Erynn Schroeder,1,NA,NA,NA,52 Erynn Schroeder,NA,NA
MKE @ NY,2024-04-13_17-00-00,MKE,NY,2024-04-13 18:45:43,14,1,1,0,0.6861111,0.76790124,22 Alex Ballinger,6,NA,NA,NA,NA,22 Alex Ballinger,NA
MKE @ NY,2024-04-13_17-00-00,MKE,NY,2024-04-13 18:47:38,14,2,1,1,0.8111111,0.4691358,10 Chelsea Twohig,1,NA,10 Chelsea Twohig,12 Sydney French,NA,NA,NA
MKE @ NY,2024-04-13_17-00-00,MKE,NY,2024-04-13 18:51:13,15,1,0,0,0.13472226,0.70555556,12 Sydney French,2,NA,NA,NA,NA,07 Sydney Stelzer,NA
MKE @ NY,2024-04-13_17-00-00,MKE,NY,2024-04-13 18:51:51,15,2,0,0,0.63611114,0.7166667,10 Chelsea Twohig,3,NA,NA,NA,12 Sydney French,NA,NA
MKE @ NY,2024-04-13_17-00-00,MKE,NY,2024-04-13 18:53:15,15,3,0,1,0.5027778,0.5123457,10 Chelsea Twohig,3,22 Alex Ballinger,72 Jacqueline Jarik,07 Sydney Stelzer,NA,NA,NA
MKE @ NY,2024-04-13_17-00-00,MKE,NY,2024-04-13 18:57:01,17,1,1,0,0.7916667,0.7740741,52 Erynn Schroeder,8,NA,NA,NA,05 Rose Glinka,NA,NA
MKE @ NY,2024-04-13_17-00-00,MKE,NY,2024-04-13 19:01:11,17,2,1,1,0.6486111,0.8240741,17 Caitlin Duffner,15,17 Caitlin Duffner,52 Erynn Schroeder,27 Stef Bugasch,NA,NA,NA
MKE @ NY,2024-04-13_17-00-00,MKE,NY,2024-04-13 20:11:21,19,1,1,0,0.5277778,0.80185187,05 Rose Glinka,4,NA,NA,NA,52 Erynn Schroeder,NA,NA
MKE @ NY,2024-04-13_17-00-00,MKE,NY,2024-04-13 20:13:16,20,1,1,0,0.4694444,0.6759259,52 Erynn Schroeder,2,NA,NA,NA,NA,17 Caitlin Duffner,NA
MKE @ NY,2024-04-13_17-00-00,MKE,NY,2024-04-13 20:14:58,21,1,1,0,0.5555556,0.7080247,05 Rose Glinka,6,NA,NA,NA,27 Stef Bugasch,NA,NA
MKE @ NY,2024-04-13_17-00-00,MKE,NY,2024-04-13 20:16:27,21,2,1,1,0.7055556,0.51481485,21 Annie Shriver,4,05 Rose Glinka,21 Annie Shriver,88 Claire Kelley,NA,NA,NA
MKE @ NY,2024-04-13_17-00-00,MKE,NY,2024-04-13 20:18:16,22,1,0,0,0.48333332,0.8271605,32 Mickela Heilicher,2,NA,NA,NA,72 Jacqueline Jarik,NA,NA
MKE @ NY,2024-04-13_17-00-00,MKE,NY,2024-04-13 20:20:54,22,2,0,1,0.7263889,0.8648148,99 Dana Demmert,5,22 Alex Ballinger,72 Jacqueline Jarik,97 Eileen Bequette,NA,NA,NA
MKE @ NY,2024-04-13_17-00-00,MKE,NY,2024-04-13 20:22:42,23,1,0,1,0.19861113,0.7666667,32 Mickela Heilicher,5,12 Sydney French,72 Jacqueline Jarik,12 Sydney French,NA,NA,NA
MKE @ NY,2024-04-13_17-00-00,MKE,NY,2024-04-13 20:29:41,25,1,1,1,0.1875,0.74259263,05 Rose Glinka,9,52 Erynn Schroeder,05 Rose Glinka,17 Caitlin Duffner,NA,NA,NA
MKE @ NY,2024-04-13_17-00-00,MKE,NY,2024-04-13 20:35:20,27,1,1,1,0.51944447,0.6888889,52 Erynn Schroeder,3,05 Rose Glinka,52 Erynn Schroeder,17 Caitlin Duffner,NA,NA,NA
MKE @ NY,2024-04-13_17-00-00,MKE,NY,2024-04-13 20:38:05,29,1,1,0,0.51111114,0.7111111,52 Erynn Schroeder,9,NA,NA,NA,52 Erynn Schroeder,NA,NA
MKE @ NY,2024-04-13_17-00-00,MKE,NY,2024-04-13 20:39:34,29,2,1,0,0.89166665,0.44444448,52 Erynn Schroeder,3,NA,NA,NA,52 Erynn Schroeder,NA,NA
MKE @ NY,2024-04-13_17-00-00,MKE,NY,2024-04-13 20:40:47,29,3,1,1,0.17361113,0.6240741,52 Erynn Schroeder,5,22 Alex Ballinger,52 Erynn Schroeder,21 Annie Shriver,NA,NA,NA
MKE @ NY,2024-04-13_17-00-00,MKE,NY,2024-04-13 20:43:17,30,1,1,0,0.74444443,0.7395062,05 Rose Glinka,3,NA,NA,NA,52 Erynn Schroeder,NA,NA
MKE @ NY,2024-04-13_17-00-00,MKE,NY,2024-04-13 20:45:22,31,1,1,0,0.5402778,0.804321,22 Alex Ballinger,4,NA,NA,NA,32 Mickela Heilicher,NA,NA
MKE @ NY,2024-04-13_17-00-00,MKE,NY,2024-04-13 20:47:19,31,2,1,0,0.8555556,0.72901237,32 Mickela Heilicher,1,NA,NA,NA,32 Mickela Heilicher,NA,NA
MKE @ NY,2024-04-13_17-00-00,MKE,NY,2024-04-13 20:47:54,31,3,1,0,0.62222224,0.858642,22 Alex Ballinger,1,NA,NA,NA,22 Alex Ballinger,NA,NA
MKE @ NY,2024-04-13_17-00-00,MKE,NY,2024-04-13 20:50:01,32,1,1,1,0.4875,0.6481481,52 Erynn Schroeder,5,17 Caitlin Duffner,21 Annie Shriver,17 Caitlin Duffner,NA,NA,NA
MKE @ NY,2024-04-13_17-00-00,MKE,NY,2024-04-13 20:52:17,33,1,0,0,0.8347223,0.82962966,22 Alex Ballinger,1,NA,NA,NA,22 Alex Ballinger,72 Jacqueline Jarik,NA
MKE @ NY,2024-04-13_17-00-00,MKE,NY,2024-04-13 20:53:02,33,2,0,0,0.6194445,0.84814817,32 Mickela Heilicher,2,NA,NA,NA,52 Erynn Schroeder,NA,NA
MKE @ NY,2024-04-13_17-00-00,MKE,NY,2024-04-13 20:56:15,34,1,1,0,0.7638889,0.73641974,52 Erynn Schroeder,3,NA,NA,NA,21 Annie Shriver,NA,NA
MKE @ NY,2024-04-13_17-00-00,MKE,NY,2024-04-13 20:57:09,34,2,1,1,0.11527774,0.4530864,08 Manhua Zhu,10,27 Stef Bugasch,52 Erynn Schroeder,05 Rose Glinka,NA,NA,NA
MKE @ NY,2024-04-13_17-00-00,MKE,NY,2024-04-13 20:58:55,35,1,0,0,0.079166666,0.7006173,32 Mickela Heilicher,1,NA,NA,NA,32 Mickela Heilicher,NA,NA
MKE @ NY,2024-04-13_17-00-00,MKE,NY,2024-04-13 21:01:25,36,1,1,1,0.29027775,0.69814813,12 Sydney French,3,52 Erynn Schroeder,97 Eileen Bequette,99 Dana Demmert,NA,NA,NA
MKE @ NY,2024-04-13_17-00-00,MKE,NY,2024-04-13 21:05:54,38,1,1,0,0.12777774,0.55493826,08 Manhua Zhu,3,NA,NA,NA,52 Erynn Schroeder,NA,NA
MKE @ NY,2024-04-13_17-00-00,MKE,NY,2024-04-13 21:08:54,38,2,1,0,0.28333333,0.83148146,21 Annie Shriver,2,NA,NA,NA,52 Erynn Schroeder,NA,NA
MKE @ NY,2024-04-13_17-00-00,NY,MKE,2024-04-15 18:21:09,1,1,1,0,0.322963,0.68577075,NA,4,NA,NA,NA,33 Valeria Cardenas,NA,NA
MKE @ NY,2024-04-13_17-00-00,NY,MKE,2024-04-15 18:23:15,1,2,1,0,0.2651852,0.91567856,33 Valeria Cardenas,3,NA,NA,NA,NA,23 Linnea Soo,NA
MKE @ NY,2024-04-13_17-00-00,NY,MKE,2024-04-15 18:26:12,1,3,1,0,0.45333335,0.5204216,09 Cassandra Brown,3,NA,NA,NA,00 Genny De Jesus,NA,NA
MKE @ NY,2024-04-13_17-00-00,NY,MKE,2024-04-15 18:27:20,1,4,1,0,0.012944935,0.7035971,33 Valeria Cardenas,6,NA,NA,NA,NA,00 Genny De Jesus,NA
MKE @ NY,2024-04-13_17-00-00,NY,MKE,2024-04-15 18:31:35,2,1,1,0,0.08444444,0.6515151,33 Valeria Cardenas,14,NA,NA,NA,33 Valeria Cardenas,NA,NA
MKE @ NY,2024-04-13_17-00-00,NY,MKE,2024-04-15 18:33:25,2,2,1,1,1.0,0.46618703,24 Jolie Krebs,1,NA,24 Jolie Krebs,NA,NA,NA,NA
MKE @ NY,2024-04-13_17-00-00,NY,MKE,2024-04-15 18:36:35,3,1,0,1,0.058252428,0.6107914,96 Nina Finley,7,88 Nikki Hair,65 Anna Lieberman,62 Casey Banta-Ryan,NA,NA,NA
MKE @ NY,2024-04-13_17-00-00,NY,MKE,2024-04-15 18:39:08,4,1,0,0,0.77993524,0.3755396,96 Nina Finley,2,NA,NA,NA,26 Mariabelen Restrepo,NA,NA
MKE @ NY,2024-04-13_17-00-00,NY,MKE,2024-04-15 18:40:01,4,2,0,0,0.2022654,0.8496403,24 Jolie Krebs,11,NA,NA,NA,NA,33 Valeria Cardenas,NA
MKE @ NY,2024-04-13_17-00-00,NY,MKE,2024-04-15 18:41:04,4,3,0,1,0.89158577,0.5805755,96 Nina Finley,1,NA,96 Nina Finley,44 Kayla Seeger,NA,NA,NA
MKE @ NY,2024-04-13_17-00-00,NY,MKE,2024-04-15 18:44:20,5,1,0,1,0.5323624,0.39208633,20 Yina Cartagena,1,NA,20 Yina Cartagena,31 Eli Presberg,NA,NA,NA
MKE @ NY,2024-04-13_17-00-00,NY,MKE,2024-04-15 18:47:06,7,1,1,0,0.0,0.64100724,20 Yina Cartagena,5,NA,NA,NA,33 Valeria Cardenas,NA,NA
MKE @ NY,2024-04-13_17-00-00,NY,MKE,2024-04-15 18:49:09,7,2,1,0,0.07119736,0.4640288,20 Yina Cartagena,1,NA,NA,NA,NA,33 Valeria Cardenas,NA
MKE @ NY,2024-04-13_17-00-00,NY,MKE,2024-04-15 18:51:16,8,1,1,0,0.45954695,0.69352514,20 Yina Cartagena,6,NA,NA,NA,33 Valeria Cardenas,NA,NA
MKE @ NY,2024-04-13_17-00-00,NY,MKE,2024-04-15 18:54:09,9,1,1,0,0.1278317,0.705036,33 Valeria Cardenas,3,NA,NA,NA,02 Jolene Zheng,NA,NA
MKE @ NY,2024-04-13_17-00-00,NY,MKE,2024-04-15 18:54:58,9,2,1,0,0.66504854,0.5143885,09 Cassandra Brown,4,NA,NA,NA,09 Cassandra Brown,NA,NA
MKE @ NY,2024-04-13_17-00-00,NY,MKE,2024-04-15 19:23:59,10,1,0,0,0.58414245,0.2654676,11 Emma Berrigan,3,NA,NA,NA,31 Eli Presberg,NA,NA
MKE @ NY,2024-04-13_17-00-00,NY,MKE,2024-04-15 19:24:59,10,2,0,1,0.39805827,0.23597123,96 Nina Finley,1,NA,96 Nina Finley,88 Nikki Hair,NA,NA,NA
MKE @ NY,2024-04-13_17-00-00,NY,MKE,2024-04-15 19:26:37,11,1,0,0,0.5210357,0.7496403,20 Yina Cartagena,3,NA,NA,NA,18 Kylie Sterling,44 Kayla Seeger,NA
MKE @ NY,2024-04-13_17-00-00,NY,MKE,2024-04-15 19:27:23,11,2,0,0,0.67313915,0.83093524,33 Valeria Cardenas,4,NA,NA,NA,33 Valeria Cardenas,NA,NA
MKE @ NY,2024-04-13_17-00-00,NY,MKE,2024-04-15 19:28:02,11,3,0,0,0.48705506,0.51294965,20 Yina Cartagena,3,NA,NA,NA,20 Yina Cartagena,NA,NA
MKE @ NY,2024-04-13_17-00-00,NY,MKE,2024-04-15 19:28:44,11,4,0,1,0.3074434,0.7568345,26 Mariabelen Restrepo,5,33 Valeria Cardenas,20 Yina Cartagena,33 Valeria Cardenas,NA,NA,NA
MKE @ NY,2024-04-13_17-00-00,NY,MKE,2024-04-15 19:32:40,12,1,0,0,0.019417476,0.62446046,96 Nina Finley,2,NA,NA,NA,31 Eli Presberg,96 Nina Finley,NA
MKE @ NY,2024-04-13_17-00-00,NY,MKE,2024-04-15 19:35:29,13,1,1,1,0.27669904,0.61870503,33 Valeria Cardenas,7,02 Jolene Zheng,20 Yina Cartagena,23 Linnea Soo,NA,NA,NA
MKE @ NY,2024-04-13_17-00-00,NY,MKE,2024-04-15 19:38:19,14,1,0,0,0.93042064,0.7201439,20 Yina Cartagena,2,NA,NA,NA,24 Jolie Krebs,NA,NA
MKE @ NY,2024-04-13_17-00-00,NY,MKE,2024-04-15 19:39:03,14,2,0,1,0.158576,0.7309353,24 Jolie Krebs,10,97 Hannah Glick,20 Yina Cartagena,00 Genny De Jesus,NA,NA,NA
MKE @ NY,2024-04-13_17-00-00,NY,MKE,2024-04-15 19:41:26,15,1,0,0,0.30258906,0.75755394,33 Valeria Cardenas,3,NA,NA,NA,18 Kylie Sterling,NA,NA
MKE @ NY,2024-04-13_17-00-00,NY,MKE,2024-04-15 19:43:00,16,1,1,0,0.487055,0.5258993,20 Yina Cartagena,2,NA,NA,NA,23 Linnea Soo,NA,NA
MKE @ NY,2024-04-13_17-00-00,NY,MKE,2024-04-15 19:43:35,16,2,1,0,0.47572815,0.7230216,09 Cassandra Brown,2,NA,NA,NA,20 Yina Cartagena,NA,NA
MKE @ NY,2024-04-13_17-00-00,NY,MKE,2024-04-15 19:43:59,16,3,1,0,0.30258897,0.6366907,20 Yina Cartagena,3,NA,NA,NA,33 Valeria Cardenas,20 Yina Cartagena,NA
MKE @ NY,2024-04-13_17-00-00,NY,MKE,2024-04-15 19:45:32,17,1,1,1,0.55825245,0.6892086,33 Valeria Cardenas,8,20 Yina Cartagena,33 Valeria Cardenas,00 Genny De Jesus,NA,NA,NA
MKE @ NY,2024-04-13_17-00-00,NY,MKE,2024-04-15 19:49:01,18,1,0,0,0.57281554,0.6374101,23 Linnea Soo,6,NA,NA,NA,96 Nina Finley,NA,NA
MKE @ NY,2024-04-13_17-00-00,NY,MKE,2024-04-15 19:52:21,19,1,1,1,0.45954695,0.66906476,09 Cassandra Brown,7,20 Yina Cartagena,33 Valeria Cardenas,20 Yina Cartagena,NA,NA,NA
MKE @ NY,2024-04-13_17-00-00,NY,MKE,2024-04-15 19:54:40,20,1,0,1,0.30582523,0.4381295,26 Mariabelen Restrepo,5,96 Nina Finley,33 Valeria Cardenas,24 Jolie Krebs,NA,NA,NA
MKE @ NY,2024-04-13_17-00-00,NY,MKE,2024-04-15 19:56:04,21,1,0,1,0.2961165,0.5820144,20 Yina Cartagena,4,62 Casey Banta-Ryan,18 Kylie Sterling,26 Mariabelen Restrepo,NA,NA,NA
MKE @ NY,2024-04-13_17-00-00,NY,MKE,2024-04-15 19:57:45,22,1,0,0,0.9029126,0.80575544,96 Nina Finley,3,NA,NA,NA,65 Anna Lieberman,NA,NA
MKE @ NY,2024-04-13_17-00-00,NY,MKE,2024-04-15 19:59:15,23,1,1,0,0.5145631,0.6971223,09 Cassandra Brown,7,NA,NA,NA,09 Cassandra Brown,NA,NA
MKE @ NY,2024-04-13_17-00-00,NY,MKE,2024-04-15 20:00:07,23,2,1,0,0.4223301,0.30431655,33 Valeria Cardenas,7,NA,NA,NA,09 Cassandra Brown,NA,NA
MKE @ NY,2024-04-13_17-00-00,NY,MKE,2024-04-15 20:02:03,24,1,1,0,0.17637537,0.66402876,20 Yina Cartagena,7,NA,NA,NA,20 Yina Cartagena,NA,NA
MKE @ NY,2024-04-13_17-00-00,NY,MKE,2024-04-15 20:04:03,25,1,1,1,0.5032363,0.67769784,33 Valeria Cardenas,14,00 Genny De Jesus,24 Jolie Krebs,00 Genny De Jesus,NA,NA,NA
MKE @ NY,2024-04-13_17-00-00,NY,MKE,2024-04-15 20:09:32,27,1,1,1,0.28802595,0.7244604,09 Cassandra Brown,9,20 Yina Cartagena,97 Hannah Glick,02 Jolene Zheng,NA,NA,NA
MKE @ NY,2024-04-13_17-00-00,NY,MKE,2024-04-15 20:12:15,29,1,1,1,0.6472492,0.68705034,33 Valeria Cardenas,5,33 Valeria Cardenas,09 Cassandra Brown,33 Valeria Cardenas,NA,NA,NA
MKE @ NY,2024-04-13_17-00-00,NY,MKE,2024-04-15 20:14:17,30,1,0,0,0.2961165,0.85755396,24 Jolie Krebs,2,NA,NA,NA,18 Kylie Sterling,NA,NA
MKE @ NY,2024-04-13_17-00-00,NY,MKE,2024-04-15 20:15:08,30,2,0,0,0.91909385,0.83381295,96 Nina Finley,8,NA,NA,NA,NA,88 Nikki Hair,NA
MKE @ NY,2024-04-13_17-00-00,NY,MKE,2024-04-15 20:18:01,31,1,0,1,0.9498382,0.81942445,20 Yina Cartagena,8,31 Eli Presberg,20 Yina Cartagena,00 Genny De Jesus,NA,NA,NA
MKE @ NY,2024-04-13_17-00-00,NY,MKE,2024-04-15 20:20:35,32,1,0,0,0.69255656,0.74676263,26 Mariabelen Restrepo,7,NA,NA,NA,18 Kylie Sterling,NA,NA
MKE @ NY,2024-04-13_17-00-00,NY,MKE,2024-04-15 20:22:03,32,2,0,0,0.4223301,0.19784173,96 Nina Finley,1,NA,NA,NA,96 Nina Finley,NA,NA
MKE @ NY,2024-04-13_17-00-00,NY,MKE,2024-04-15 20:22:23,32,3,0,1,0.8899676,0.24892087,24 Jolie Krebs,3,33 Valeria Cardenas,24 Jolie Krebs,44 Kayla Seeger,NA,NA,NA
MKE @ NY,2024-04-13_17-00-00,NY,MKE,2024-04-15 20:25:40,34,1,1,0,0.49514562,0.43309352,20 Yina Cartagena,9,NA,NA,NA,20 Yina Cartagena,NA,NA
MKE @ NY,2024-04-13_17-00-00,NY,MKE,2024-04-15 20:27:28,34,2,1,0,0.26213592,0.51582736,20 Yina Cartagena,6,NA,NA,NA,09 Cassandra Brown,NA,NA
MKE @ NY,2024-04-13_17-00-00,NY,MKE,2024-04-15 20:30:14,34,3,1,1,0.103559844,0.3877698,33 Valeria Cardenas,4,24 Jolie Krebs,20 Yina Cartagena,11 Emma Berrigan,NA,NA,NA
MKE @ NY,2024-04-13_17-00-00,NY,MKE,2024-04-15 20:31:44,35,1,0,0,0.29126215,0.8280575,24 Jolie Krebs,3,NA,NA,NA,96 Nina Finley,NA,NA
MKE @ NY,2024-04-13_17-00-00,NY,MKE,2024-04-15 20:33:57,36,1,1,0,0.21682844,0.6251798,33 Valeria Cardenas,4,NA,NA,NA,NA,02 Jolene Zheng,NA
MKE @ NY,2024-04-13_17-00-00,NY,MKE,2024-04-15 20:34:55,36,2,1,1,0.48058254,0.41510794,09 Cassandra Brown,5,00 Genny De Jesus,20 Yina Cartagena,33 Valeria Cardenas,NA,NA,NA
MKE @ NY,2024-04-13_17-00-00,NY,MKE,2024-04-15 20:37:30,38,1,1,1,0.49838182,0.67841727,33 Valeria Cardenas,9,33 Valeria Cardenas,20 Yina Cartagena,09 Cassandra Brown,NA,NA,NA
MKE @ NY,2024-04-13_17-00-00,NY,MKE,2024-04-15 20:38:58,39,1,0,0,0.33818772,0.728777,96 Nina Finley,15,NA,NA,NA,24 Jolie Krebs,NA,NA
MKE @ PHL,2024-04-14_16-45-00,MKE,PHL,2024-04-16 21:02:07,1,1,1,0,0.5111111,0.77098763,52 Erynn Schroeder,6,NA,NA,NA,05 Rose Glinka,NA,NA
MKE @ PHL,2024-04-14_16-45-00,MKE,PHL,2024-04-16 21:03:41,1,2,1,0,0.077777736,0.81790125,52 Erynn Schroeder,1,NA,NA,NA,52 Erynn Schroeder,NA,NA
MKE @ PHL,2024-04-14_16-45-00,MKE,PHL,2024-04-16 21:04:47,1,3,1,0,0.5194444,0.77592593,52 Erynn Schroeder,4,NA,NA,NA,08 Manhua Zhu,NA,NA
MKE @ PHL,2024-04-14_16-45-00,MKE,PHL,2024-04-16 21:06:56,2,1,1,0,0.079166666,0.5092593,08 Manhua Zhu,3,NA,NA,NA,NA,07 Sydney Stelzer,NA
MKE @ PHL,2024-04-14_16-45-00,MKE,PHL,2024-04-16 21:07:34,2,2,1,0,0.24722226,0.40864196,52 Erynn Schroeder,2,NA,NA,NA,NA,52 Erynn Schroeder,NA
MKE @ PHL,2024-04-14_16-45-00,MKE,PHL,2024-04-16 21:08:53,2,3,1,0,0.4777778,0.55864197,52 Erynn Schroeder,1,NA,NA,NA,52 Erynn Schroeder,NA,NA
MKE @ PHL,2024-04-14_16-45-00,MKE,PHL,2024-04-16 21:10:57,2,4,1,0,0.68611115,0.24506174,52 Erynn Schroeder,1,NA,NA,NA,52 Erynn Schroeder,NA,NA
MKE @ PHL,2024-04-14_16-45-00,MKE,PHL,2024-04-16 21:11:35,2,5,1,0,0.49444446,0.5438272,21 Annie Shriver,3,NA,NA,NA,52 Erynn Schroeder,NA,NA
MKE @ PHL,2024-04-14_16-45-00,MKE,PHL,2024-04-16 21:15:59,3,1,1,0,0.5125,0.7641975,10 Chelsea Twohig,5,NA,NA,NA,12 Sydney French,NA,NA
MKE @ PHL,2024-04-14_16-45-00,MKE,PHL,2024-04-16 21:16:43,3,2,1,0,0.18888886,0.82469136,22 Alex Ballinger,1,NA,NA,NA,22 Alex Ballinger,NA,NA
MKE @ PHL,2024-04-14_16-45-00,MKE,PHL,2024-04-16 21:17:26,3,3,1,0,0.14166667,0.8203704,22 Alex Ballinger,2,NA,NA,NA,NA,99 Dana Demmert,NA
MKE @ PHL,2024-04-14_16-45-00,MKE,PHL,2024-04-16 21:18:37,3,4,1,0,0.15,0.8203704,10 Chelsea Twohig,1,NA,NA,NA,10 Chelsea Twohig,NA,NA
MKE @ PHL,2024-04-14_16-45-00,MKE,PHL,2024-04-16 21:20:47,4,1,1,0,0.1652778,0.6493827,27 Stef Bugasch,2,NA,NA,NA,NA,05 Rose Glinka,NA
MKE @ PHL,2024-04-14_16-45-00,MKE,PHL,2024-04-16 21:21:27,4,2,1,0,0.7513889,0.80864197,52 Erynn Schroeder,7,NA,NA,NA,21 Annie Shriver,NA,NA
MKE @ PHL,2024-04-14_16-45-00,MKE,PHL,2024-04-16 21:25:28,4,3,1,0,0.525,0.1740741,32 Mickela Heilicher,1,NA,NA,NA,32 Mickela Heilicher,NA,NA
MKE @ PHL,2024-04-14_16-45-00,MKE,PHL,2024-04-16 21:27:52,5,1,1,0,0.89166665,0.6944445,05 Rose Glinka,3,NA,NA,NA,08 Manhua Zhu,NA,NA
MKE @ PHL,2024-04-14_16-45-00,MKE,PHL,2024-04-16 21:28:33,5,2,1,0,0.5125,0.65925926,52 Erynn Schroeder,1,NA,NA,NA,52 Erynn Schroeder,NA,NA
MKE @ PHL,2024-04-14_16-45-00,MKE,PHL,2024-04-16 21:29:45,5,3,1,0,0.25972226,0.63024694,21 Annie Shriver,2,NA,NA,NA,88 Claire Kelley,NA,NA
MKE @ PHL,2024-04-14_16-45-00,MKE,PHL,2024-04-16 21:32:40,6,1,1,0,0.52777773,0.7209877,32 Mickela Heilicher,5,NA,NA,NA,NA,32 Mickela Heilicher,NA
MKE @ PHL,2024-04-14_16-45-00,MKE,PHL,2024-04-16 21:34:21,6,2,1,0,0.75277776,0.79753083,12 Sydney French,1,NA,NA,NA,12 Sydney French,NA,NA
MKE @ PHL,2024-04-14_16-45-00,MKE,PHL,2024-04-16 21:34:48,6,3,1,0,0.0944444,0.8117284,32 Mickela Heilicher,2,NA,NA,NA,12 Sydney French,NA,NA
MKE @ PHL,2024-04-14_16-45-00,MKE,PHL,2024-04-16 21:35:35,6,4,1,0,0.81527776,0.80987656,32 Mickela Heilicher,9,NA,NA,NA,72 Jacqueline Jarik,NA,NA
MKE @ PHL,2024-04-14_16-45-00,MKE,PHL,2024-04-16 21:38:35,6,5,1,0,0.24583334,0.6574074,12 Sydney French,1,NA,NA,NA,12 Sydney French,NA,NA
MKE @ PHL,2024-04-14_16-45-00,MKE,PHL,2024-04-16 21:40:09,7,1,1,0,0.46111113,0.61296296,52 Erynn Schroeder,4,NA,NA,NA,21 Annie Shriver,NA,NA
MKE @ PHL,2024-04-14_16-45-00,MKE,PHL,2024-04-16 21:43:52,8,1,1,1,0.73333335,0.6339506,22 Alex Ballinger,8,32 Mickela Heilicher,99 Dana Demmert,10 Chelsea Twohig,NA,NA,NA
MKE @ PHL,2024-04-14_16-45-00,MKE,PHL,2024-04-16 21:48:04,9,1,0,0,0.8194445,0.79814816,10 Chelsea Twohig,3,NA,NA,NA,97 Eileen Bequette,NA,NA
MKE @ PHL,2024-04-14_16-45-00,MKE,PHL,2024-04-16 21:53:22,10,1,1,0,0.46805555,0.7080247,08 Manhua Zhu,6,NA,NA,NA,08 Manhua Zhu,NA,NA
MKE @ PHL,2024-04-14_16-45-00,MKE,PHL,2024-04-16 21:58:46,10,2,1,0,0.30138892,0.5555556,52 Erynn Schroeder,3,NA,NA,NA,NA,17 Caitlin Duffner,NA
MKE @ PHL,2024-04-14_16-45-00,MKE,PHL,2024-04-16 22:01:49,11,1,1,0,0.17916666,0.68209875,08 Manhua Zhu,13,NA,NA,NA,NA,72 Jacqueline Jarik,NA
MKE @ PHL,2024-04-14_16-45-00,MKE,PHL,2024-04-16 22:04:46,11,2,1,0,0.71666664,0.2574074,52 Erynn Schroeder,1,NA,NA,NA,52 Erynn Schroeder,NA,NA
MKE @ PHL,2024-04-14_16-45-00,MKE,PHL,2024-04-16 22:06:31,12,1,1,1,0.46388894,0.5438272,32 Mickela Heilicher,2,32 Mickela Heilicher,10 Chelsea Twohig,97 Eileen Bequette,NA,NA,NA
MKE @ PHL,2024-04-14_16-45-00,MKE,PHL,2024-04-16 22:08:55,14,1,1,0,0.47638893,0.6098766,52 Erynn Schroeder,2,NA,NA,NA,NA,05 Rose Glinka,NA
MKE @ PHL,2024-04-14_16-45-00,MKE,PHL,2024-04-16 22:10:52,15,1,1,0,0.49027774,0.6907407,52 Erynn Schroeder,2,NA,NA,NA,08 Manhua Zhu,NA,NA
MKE @ PHL,2024-04-14_16-45-00,MKE,PHL,2024-04-16 22:11:31,15,2,1,0,0.71805555,0.8320988,52 Erynn Schroeder,4,NA,NA,NA,52 Erynn Schroeder,NA,NA
MKE @ PHL,2024-04-14_16-45-00,MKE,PHL,2024-04-16 22:12:33,15,3,1,0,0.47916666,0.554321,52 Erynn Schroeder,1,NA,NA,NA,52 Erynn Schroeder,NA,NA
MKE @ PHL,2024-04-14_16-45-00,MKE,PHL,2024-04-16 22:13:22,15,4,1,0,0.27916667,0.682716,08 Manhua Zhu,2,NA,NA,NA,52 Erynn Schroeder,NA,NA
MKE @ PHL,2024-04-14_16-45-00,MKE,PHL,2024-04-16 22:14:03,15,5,1,0,0.3847222,0.4962963,52 Erynn Schroeder,3,NA,NA,NA,NA,07 Sydney Stelzer,NA
MKE @ PHL,2024-04-14_16-45-00,MKE,PHL,2024-04-16 22:15:06,15,6,1,0,0.30138886,0.5024691,52 Erynn Schroeder,5,NA,NA,NA,NA,99 Dana Demmert,NA
MKE @ PHL,2024-04-14_16-45-00,MKE,PHL,2024-04-16 22:18:02,15,7,1,0,0.3875,0.7074074,22 Alex Ballinger,2,NA,NA,NA,72 Jacqueline Jarik,NA,NA
MKE @ PHL,2024-04-14_16-45-00,MKE,PHL,2024-04-16 22:19:09,15,8,1,0,0.48333332,0.8259259,52 Erynn Schroeder,4,NA,NA,NA,52 Erynn Schroeder,17 Caitlin Duffner,NA
MKE @ PHL,2024-04-14_16-45-00,MKE,PHL,2024-04-16 22:20:08,15,9,1,0,0.15277773,0.8067901,08 Manhua Zhu,1,NA,NA,NA,08 Manhua Zhu,NA,NA
MKE @ PHL,2024-04-14_16-45-00,MKE,PHL,2024-04-16 22:21:50,16,1,0,0,0.50555557,0.57592595,32 Mickela Heilicher,3,NA,NA,NA,NA,00 Donna Johnston,NA
MKE @ PHL,2024-04-14_16-45-00,MKE,PHL,2024-04-16 22:22:25,16,2,0,0,0.7,0.4740741,32 Mickela Heilicher,4,NA,NA,NA,NA,10 Chelsea Twohig,NA
MKE @ PHL,2024-04-14_16-45-00,MKE,PHL,2024-04-16 22:26:27,16,3,0,0,0.09444447,0.5123457,32 Mickela Heilicher,2,NA,NA,NA,12 Sydney French,NA,NA
MKE @ PHL,2024-04-14_16-45-00,MKE,PHL,2024-04-16 22:27:52,16,4,0,0,0.084722266,0.72407407,10 Chelsea Twohig,2,NA,NA,NA,NA,97 Eileen Bequette,NA
MKE @ PHL,2024-04-14_16-45-00,MKE,PHL,2024-04-16 22:28:36,16,5,0,0,0.60833335,0.56543213,32 Mickela Heilicher,4,NA,NA,NA,32 Mickela Heilicher,NA,NA
MKE @ PHL,2024-04-14_16-45-00,MKE,PHL,2024-04-16 22:29:57,16,6,0,1,0.6888889,0.595679,12 Sydney French,5,97 Eileen Bequette,10 Chelsea Twohig,12 Sydney French,NA,NA,NA
MKE @ PHL,2024-04-14_16-45-00,MKE,PHL,2024-04-16 22:32:41,18,1,1,0,0.17083333,0.49567902,21 Annie Shriver,1,NA,NA,NA,21 Annie Shriver,NA,NA
MKE @ PHL,2024-04-14_16-45-00,MKE,PHL,2024-04-16 22:33:14,18,2,1,0,0.7430556,0.82962966,52 Erynn Schroeder,2,NA,NA,NA,NA,07 Sydney Stelzer,NA
MKE @ PHL,2024-04-14_16-45-00,MKE,PHL,2024-04-16 22:36:39,19,1,1,1,0.42361107,0.6882716,10 Chelsea Twohig,8,22 Alex Ballinger,10 Chelsea Twohig,72 Jacqueline Jarik,NA,NA,NA
MKE @ PHL,2024-04-14_16-45-00,MKE,PHL,2024-04-16 22:38:43,20,1,0,0,0.3402778,0.50555557,22 Alex Ballinger,3,NA,NA,NA,97 Eileen Bequette,NA,NA
MKE @ PHL,2024-04-14_16-45-00,MKE,PHL,2024-04-16 22:39:30,20,2,0,0,0.24166666,0.42160493,22 Alex Ballinger,3,NA,NA,NA,99 Dana Demmert,NA,NA
MKE @ PHL,2024-04-14_16-45-00,MKE,PHL,2024-04-16 22:40:34,20,3,0,0,0.31388894,0.27901235,97 Eileen Bequette,2,NA,NA,NA,00 Donna Johnston,NA,NA
MKE @ PHL,2024-04-14_16-45-00,MKE,PHL,2024-04-16 22:41:23,20,4,0,0,0.07638893,0.65679014,10 Chelsea Twohig,2,NA,NA,NA,72 Jacqueline Jarik,NA,NA
MKE @ PHL,2024-04-14_16-45-00,MKE,PHL,2024-04-16 22:43:51,21,1,1,0,0.5402777,0.75185186,52 Erynn Schroeder,1,NA,NA,NA,52 Erynn Schroeder,NA,NA
MKE @ PHL,2024-04-14_16-45-00,PHL,MKE,2024-04-15 08:32:13,1,1,0,0,0.99576986,0.44871795,04 Raha Mozaffari,11,NA,NA,NA,08 Emma Soiles,11 Sara Liang,NA
MKE @ PHL,2024-04-14_16-45-00,PHL,MKE,2024-04-15 08:35:37,1,2,0,0,1.0,0.20231394,04 Raha Mozaffari,1,NA,NA,NA,04 Raha Mozaffari,NA,NA
MKE @ PHL,2024-04-14_16-45-00,PHL,MKE,2024-04-15 08:38:00,1,3,0,1,1.0,0.19355847,04 Raha Mozaffari,1,NA,04 Raha Mozaffari,08 Emma Soiles,NA,NA,NA
MKE @ PHL,2024-04-14_16-45-00,PHL,MKE,2024-04-15 08:40:42,2,1,0,0,0.18866329,0.677611,04 Raha Mozaffari,3,NA,NA,NA,08 Emma Soiles,NA,NA
MKE @ PHL,2024-04-14_16-45-00,PHL,MKE,2024-04-15 08:42:57,2,2,0,0,0.677665,0.7120075,11 Sara Liang,6,NA,NA,NA,04 Raha Mozaffari,21 Linda Morse,NA
MKE @ PHL,2024-04-14_16-45-00,PHL,MKE,2024-04-15 08:44:34,2,3,0,0,0.53384095,0.82020015,04 Raha Mozaffari,1,NA,NA,NA,04 Raha Mozaffari,NA,NA
MKE @ PHL,2024-04-14_16-45-00,PHL,MKE,2024-04-15 08:45:35,2,4,0,0,0.92978,0.81894934,11 Sara Liang,7,NA,NA,NA,NA,36 Adilina Malave,NA
MKE @ PHL,2024-04-14_16-45-00,PHL,MKE,2024-04-15 08:53:33,2,5,0,1,0.5084602,0.81832397,10 Andrea DeSabato,8,10 Andrea DeSabato,23 Natalie Bova,00 Emilie Mohler,NA,NA,NA
MKE @ PHL,2024-04-14_16-45-00,PHL,MKE,2024-04-15 08:57:52,3,1,0,0,0.82656515,0.5487805,04 Raha Mozaffari,1,NA,NA,NA,NA,08 Emma Soiles,NA
MKE @ PHL,2024-04-14_16-45-00,PHL,MKE,2024-04-15 08:59:10,3,2,0,0,0.99069375,0.28361475,11 Sara Liang,1,NA,NA,NA,NA,18 Sumi Onoe,NA
MKE @ PHL,2024-04-14_16-45-00,PHL,MKE,2024-04-15 09:00:25,3,3,0,0,0.8637902,0.33739838,11 Sara Liang,2,NA,NA,NA,NA,18 Sumi Onoe,NA
MKE @ PHL,2024-04-14_16-45-00,PHL,MKE,2024-04-15 09:01:44,3,4,0,1,0.8536379,0.4043152,13 Kat Harper,5,13 Kat Harper,21 Linda Morse,08 Emma Soiles,NA,NA,NA
MKE @ PHL,2024-04-14_16-45-00,PHL,MKE,2024-04-15 09:03:55,4,1,0,0,0.43401015,0.40181363,11 Sara Liang,4,NA,NA,NA,36 Adilina Malave,NA,NA
MKE @ PHL,2024-04-14_16-45-00,PHL,MKE,2024-04-15 09:10:00,5,1,1,0,0.750423,0.4662289,20 Danielle Walsh,1,NA,NA,NA,20 Danielle Walsh,NA,NA
MKE @ PHL,2024-04-14_16-45-00,PHL,MKE,2024-04-15 09:10:48,5,2,1,1,0.30033842,0.32363978,01 Emily Shields,3,23 Natalie Bova,10 Andrea DeSabato,01 Emily Shields,NA,NA,NA
MKE @ PHL,2024-04-14_16-45-00,PHL,MKE,2024-04-15 09:14:11,6,1,0,0,0.3037225,0.5562852,00 Emilie Mohler,2,NA,NA,NA,04 Raha Mozaffari,NA,NA
MKE @ PHL,2024-04-14_16-45-00,PHL,MKE,2024-04-15 09:14:56,6,2,0,0,0.4424704,0.30675423,04 Raha Mozaffari,1,NA,NA,NA,NA,18 Sumi Onoe,NA
MKE @ PHL,2024-04-14_16-45-00,PHL,MKE,2024-04-15 09:15:30,6,3,0,1,0.20389171,0.6394622,11 Sara Liang,4,08 Emma Soiles,21 Linda Morse,18 Sumi Onoe,NA,NA,NA
MKE @ PHL,2024-04-14_16-45-00,PHL,MKE,2024-04-15 09:18:32,7,1,0,0,0.27326566,0.41494685,17 Allie Milligan,1,NA,NA,NA,17 Allie Milligan,NA,NA
MKE @ PHL,2024-04-14_16-45-00,PHL,MKE,2024-04-15 09:19:24,7,2,0,0,0.6404399,0.33239526,04 Raha Mozaffari,1,NA,NA,NA,NA,24 Casey Gorman,NA
MKE @ PHL,2024-04-14_16-45-00,PHL,MKE,2024-04-15 09:20:38,7,3,0,0,0.86717427,0.37554723,04 Raha Mozaffari,2,NA,NA,NA,36 Adilina Malave,NA,NA
MKE @ PHL,2024-04-14_16-45-00,PHL,MKE,2024-04-15 09:22:12,7,4,0,0,0.71150595,0.64446527,04 Raha Mozaffari,1,NA,NA,NA,NA,05 Lindsay McKenna,NA
MKE @ PHL,2024-04-14_16-45-00,PHL,MKE,2024-04-15 09:22:45,7,5,0,1,0.46954316,0.24358974,04 Raha Mozaffari,1,NA,04 Raha Mozaffari,13 Kat Harper,NA,NA,NA
MKE @ PHL,2024-04-14_16-45-00,PHL,MKE,2024-04-15 09:25:18,8,1,0,1,0.178511,0.691995,11 Sara Liang,3,15 Layne Dodge,21 Linda Morse,08 Emma Soiles,NA,NA,NA
MKE @ PHL,2024-04-14_16-45-00,PHL,MKE,2024-04-15 09:31:10,10,1,1,0,0.34771574,0.68761724,10 Andrea DeSabato,17,NA,NA,NA,22 Liz Hart,NA,NA
MKE @ PHL,2024-04-14_16-45-00,PHL,MKE,2024-04-15 09:34:04,10,2,1,1,0.22419627,0.82020015,10 Andrea DeSabato,23,16 Grace Maroon,03 Rachel Alfano,16 Grace Maroon,NA,NA,NA
MKE @ PHL,2024-04-14_16-45-00,PHL,MKE,2024-04-15 09:41:43,11,1,0,0,0.74365485,0.62132585,11 Sara Liang,6,NA,NA,NA,NA,21 Linda Morse,NA
MKE @ PHL,2024-04-14_16-45-00,PHL,MKE,2024-04-15 09:48:11,12,1,0,1,0.8028765,0.663227,11 Sara Liang,9,00 Emilie Mohler,11 Sara Liang,08 Emma Soiles,NA,NA,NA
MKE @ PHL,2024-04-14_16-45-00,PHL,MKE,2024-04-15 09:51:31,13,1,0,0,0.7707276,0.79768604,04 Raha Mozaffari,2,NA,NA,NA,36 Adilina Malave,NA,NA
MKE @ PHL,2024-04-14_16-45-00,PHL,MKE,2024-04-15 09:55:30,13,2,0,1,0.679357,0.83083177,04 Raha Mozaffari,2,04 Raha Mozaffari,05 Lindsay McKenna,13 Kat Harper,NA,NA,NA
MKE @ PHL,2024-04-14_16-45-00,PHL,MKE,2024-04-15 09:59:16,15,1,1,1,0.7554991,0.37554723,20 Danielle Walsh,3,16 Grace Maroon,20 Danielle Walsh,09 Sarah Hirannet,NA,NA,NA
MKE @ PHL,2024-04-14_16-45-00,PHL,MKE,2024-04-15 10:01:05,16,1,0,1,0.19204737,0.37492183,04 Raha Mozaffari,1,NA,04 Raha Mozaffari,18 Sumi Onoe,NA,NA,NA
MKE @ PHL,2024-04-14_16-45-00,PHL,MKE,2024-04-15 10:03:11,17,1,0,0,0.75888324,0.35178235,11 Sara Liang,4,NA,NA,NA,33 Jana Graham,NA,NA
MKE @ PHL,2024-04-14_16-45-00,PHL,MKE,2024-04-15 10:04:36,17,2,0,0,0.1463621,0.4512195,04 Raha Mozaffari,1,NA,NA,NA,04 Raha Mozaffari,NA,NA
MKE @ PHL,2024-04-14_16-45-00,PHL,MKE,2024-04-15 10:05:23,17,3,0,0,0.6404399,0.7157599,04 Raha Mozaffari,1,NA,NA,NA,NA,33 Jana Graham,NA
MKE @ PHL,2024-04-14_16-45-00,PHL,MKE,2024-04-15 10:06:12,17,4,0,0,0.7791878,0.67510945,11 Sara Liang,3,NA,NA,NA,NA,01 Emily Shields,NA
MKE @ PHL,2024-04-14_16-45-00,PHL,MKE,2024-04-15 10:07:08,17,5,0,0,0.02961083,0.6513446,04 Raha Mozaffari,2,NA,NA,NA,NA,25 Sabrina Bonaci,NA
MKE @ PHL,2024-04-14_16-45-00,PHL,MKE,2024-04-15 10:25:46,17,6,0,0,0.79949236,0.64446527,11 Sara Liang,1,NA,NA,NA,11 Sara Liang,21 Linda Morse,NA
MKE @ PHL,2024-04-14_16-45-00,PHL,MKE,2024-04-15 10:26:43,17,7,0,0,0.81641287,0.32739213,11 Sara Liang,1,NA,NA,NA,11 Sara Liang,NA,NA
MKE @ PHL,2024-04-14_16-45-00,PHL,MKE,2024-04-15 10:27:33,17,8,0,0,0.5575296,0.67636025,11 Sara Liang,5,NA,NA,NA,21 Linda Morse,NA,NA
MKE @ PHL,2024-04-14_16-45-00,PHL,MKE,2024-04-15 10:29:16,17,9,0,1,0.61675125,0.18230143,11 Sara Liang,1,NA,11 Sara Liang,21 Linda Morse,NA,NA,NA
MKE @ PHL,2024-04-14_16-45-00,PHL,MKE,2024-04-15 10:32:19,18,1,0,0,0.21235195,0.6726079,17 Allie Milligan,1,NA,NA,NA,17 Allie Milligan,NA,NA
MKE @ PHL,2024-04-14_16-45-00,PHL,MKE,2024-04-15 10:47:41,19,1,1,0,0.4424704,0.7057536,10 Andrea DeSabato,24,NA,NA,NA,NA,20 Danielle Walsh,NA
MKE @ PHL,2024-04-14_16-45-00,PHL,MKE,2024-04-15 10:55:11,19,2,1,0,0.9348562,0.8239525,20 Danielle Walsh,16,NA,NA,NA,20 Danielle Walsh,NA,NA
MKE @ PHL,2024-04-14_16-45-00,PHL,MKE,2024-04-15 10:57:51,19,3,1,0,0.5101523,0.677611,20 Danielle Walsh,7,NA,NA,NA,NA,20 Danielle Walsh,NA
MKE @ PHL,2024-04-14_16-45-00,PHL,MKE,2024-04-15 10:59:45,19,4,1,0,0.21235195,0.81832397,20 Danielle Walsh,2,NA,NA,NA,NA,22 Liz Hart,NA
MKE @ PHL,2024-04-14_16-45-00,PHL,MKE,2024-04-15 11:02:17,20,1,1,1,0.7385787,0.55128205,04 Raha Mozaffari,2,04 Raha Mozaffari,21 Linda Morse,15 Layne Dodge,NA,NA,NA
MKE @ PHL,2024-04-14_16-45-00,PHL,MKE,2024-04-15 11:04:24,21,1,0,0,0.24450085,0.45059413,04 Raha Mozaffari,2,NA,NA,NA,00 Emilie Mohler,NA,NA
MKE @ PHL,2024-04-14_16-45-00,PHL,MKE,2024-04-15 11:05:23,21,2,0,1,0.78087986,0.36053783,24 Casey Gorman,6,04 Raha Mozaffari,13 Kat Harper,24 Casey Gorman,NA,NA,NA
MKE @ PHL,2024-04-14_16-45-00,PHL,MKE,2024-04-15 11:10:26,23,1,1,0,0.22927243,0.60631645,10 Andrea DeSabato,12,NA,NA,NA,23 Natalie Bova,NA,NA
MKE @ PHL,2024-04-14_16-45-00,PHL,MKE,2024-04-15 11:12:01,23,2,1,0,0.18866329,0.82020015,20 Danielle Walsh,1,NA,NA,NA,20 Danielle Walsh,NA,NA
MKE @ PHL,2024-04-14_16-45-00,PHL,MKE,2024-04-15 11:13:17,23,3,1,0,0.82656515,0.8214509,23 Natalie Bova,5,NA,NA,NA,10 Andrea DeSabato,NA,NA
MKE @ PHL,2024-04-14_16-45-00,PHL,MKE,2024-04-15 11:14:00,23,4,1,0,0.6725888,0.8833646,23 Natalie Bova,3,NA,NA,NA,20 Danielle Walsh,NA,NA
MKE @ PHL,2024-04-14_16-45-00,PHL,MKE,2024-04-15 11:16:34,23,5,1,1,0.5862944,0.38868043,20 Danielle Walsh,6,09 Sarah Hirannet,01 Emily Shields,16 Grace Maroon,NA,NA,NA
MKE @ PHL,2024-04-14_16-45-00,PHL,MKE,2024-04-15 11:21:29,24,1,0,1,0.9145516,0.40494058,05 Lindsay McKenna,2,05 Lindsay McKenna,08 Emma Soiles,05 Lindsay McKenna,NA,NA,NA
"NASH @ DC",2024-04-14_10-03-45,DC,"NASH",4/14/2024 10:06,1,1,1,0,0.475,0.587037,16 Margaret Walker,7,NA,NA,NA,NA,08 Kathryn Ritzman,NA
"NASH @ DC",2024-04-14_10-03-45,DC,"NASH",4/14/2024 10:09,1,2,1,1,0.15416667,0.49012345,16 Margaret Walker,9,23 Lisa Dang,08 Kathryn Ritzman,19 Allie Wallace,NA,NA,NA
"NASH @ DC",2024-04-14_10-03-45,DC,"NASH",4/14/2024 10:16,3,1,1,0,0.4805556,0.72222227,66 Jackie Wang,10,NA,NA,NA,42 Lisi Lohre,NA,NA
"NASH @ DC",2024-04-14_10-03-45,DC,"NASH",4/14/2024 10:23,3,2,1,1,0.8819445,0.44506174,66 Jackie Wang,3,13 Sami Smalling,66 Jackie Wang,07 Kami Groom,NA,NA,NA
"NASH @ DC",2024-04-14_10-03-45,DC,"NASH",4/14/2024 10:31,4,1,0,0,0.22638887,0.5141975,23 Lisa Dang,1,NA,NA,NA,NA,16 Margaret Walker,NA
"NASH @ DC",2024-04-14_10-03-45,DC,"NASH",4/14/2024 10:31,4,2,0,1,0.525,0.38641974,19 Allie Wallace,5,37 Claire Trop,16 Margaret Walker,37 Claire Trop,NA,NA,NA
"NASH @ DC",2024-04-14_10-03-45,DC,"NASH",4/14/2024 10:34,5,1,0,1,0.7180556,0.66604936,09 Annalise Peters,5,26 Jessica Sourbeer,24 Jamie Eriksson,06 Laureen Johnson,NA,NA,NA
"NASH @ DC",2024-04-14_10-03-45,DC,"NASH",4/14/2024 10:38,6,1,0,0,0.19305554,0.53148144,66 Jackie Wang,4,NA,NA,NA,NA,42 Lisi Lohre,NA
"NASH @ DC",2024-04-14_10-03-45,DC,"NASH",4/14/2024 10:40,6,2,0,1,0.73611104,0.7839506,66 Jackie Wang,9,42 Lisi Lohre,00 Emma Jones,15 Florence Brooks,NA,NA,NA
"NASH @ DC",2024-04-14_10-03-45,DC,"NASH",4/14/2024 10:43,7,1,0,0,0.40138894,0.6283951,16 Margaret Walker,2,NA,NA,NA,NA,05 Marie Perivier,NA
"NASH @ DC",2024-04-14_10-03-45,DC,"NASH",4/14/2024 10:44,7,2,0,0,0.81805557,0.8,16 Margaret Walker,1,NA,NA,NA,16 Margaret Walker,NA,NA
"NASH @ DC",2024-04-14_10-03-45,DC,"NASH",4/14/2024 11:00,8,1,0,0,0.8833333,0.43580246,26 Jessica Sourbeer,3,NA,NA,NA,01 Ashleigh Jentilet,NA,NA
"NASH @ DC",2024-04-14_10-03-45,DC,"NASH",4/14/2024 11:02,8,2,0,0,0.51527774,0.5308642,37 Claire Trop,4,NA,NA,NA,NA,37 Claire Trop,NA
"NASH @ DC",2024-04-14_10-03-45,DC,"NASH",4/14/2024 11:10,9,1,0,1,0.5138889,0.49012345,09 Annalise Peters,6,36 Carolyn Normile,09 Annalise Peters,01 Ashleigh Jentilet,NA,NA,NA
"NASH @ DC",2024-04-14_10-03-45,DC,"NASH",4/14/2024 11:12,10,1,0,0,0.8375,0.4462963,13 Sami Smalling,3,NA,NA,NA,66 Jackie Wang,NA,NA
"NASH @ DC",2024-04-14_10-03-45,DC,"NASH",4/14/2024 11:15,10,2,0,1,0.55833334,0.6166667,66 Jackie Wang,8,66 Jackie Wang,42 Lisi Lohre,15 Florence Brooks,NA,NA,NA
"NASH @ DC",2024-04-14_10-03-45,DC,"NASH",4/14/2024 11:17,11,1,0,0,0.7222222,0.79999995,23 Lisa Dang,3,NA,NA,NA,16 Margaret Walker,NA,NA
"NASH @ DC",2024-04-14_10-03-45,DC,"NASH",4/14/2024 11:19,11,2,0,0,0.7263889,0.8030864,23 Lisa Dang,1,NA,NA,NA,NA,05 Marie Perivier,NA
"NASH @ DC",2024-04-14_10-03-45,DC,"NASH",4/14/2024 11:21,12,1,1,0,0.47361115,0.6611111,36 Carolyn Normile,3,NA,NA,NA,NA,37 Claire Trop,NA
"NASH @ DC",2024-04-14_10-03-45,DC,"NASH",4/14/2024 11:23,12,2,1,1,0.45833334,0.34753087,26 Jessica Sourbeer,4,26 Jessica Sourbeer,09 Annalise Peters,37 Claire Trop,NA,NA,NA
"NASH @ DC",2024-04-14_10-03-45,DC,"NASH",4/14/2024 11:26,13,1,0,1,0.22777773,0.75617284,66 Jackie Wang,10,13 Sami Smalling,15 Florence Brooks,42 Lisi Lohre,NA,NA,NA
"NASH @ DC",2024-04-14_10-03-45,DC,"NASH",4/14/2024 11:36,14,1,0,0,0.3652778,0.52160496,23 Lisa Dang,3,NA,NA,NA,NA,21 Jess Oh,NA
"NASH @ DC",2024-04-14_10-03-45,DC,"NASH",4/14/2024 11:38,14,2,0,1,0.52638894,0.46419752,21 Jess Oh,11,21 Jess Oh,05 Marie Perivier,21 Jess Oh,NA,NA,NA
"NASH @ DC",2024-04-14_10-03-45,DC,"NASH",4/14/2024 11:53,15,1,1,0,0.51388896,0.65925926,26 Jessica Sourbeer,2,NA,NA,NA,09 Annalise Peters,NA,NA
"NASH @ DC",2024-04-14_10-03-45,DC,"NASH",4/14/2024 11:56,15,2,1,1,0.49583334,0.55493826,24 Jamie Eriksson,3,09 Annalise Peters,24 Jamie Eriksson,01 Ashleigh Jentilet,NA,NA,NA
"NASH @ DC",2024-04-14_10-03-45,DC,"NASH",4/14/2024 11:59,16,1,0,1,0.8625,0.48271605,37 Claire Trop,2,37 Claire Trop,66 Jackie Wang,07 Kami Groom,NA,NA,NA
"NASH @ DC",2024-04-14_10-03-45,DC,"NASH",4/14/2024 12:04,17,1,0,1,0.5180556,0.78641975,16 Margaret Walker,8,16 Margaret Walker,19 Allie Wallace,08 Kathryn Ritzman,NA,NA,NA
"NASH @ DC",2024-04-14_10-03-45,DC,"NASH",4/14/2024 12:07,18,1,0,0,0.86944443,0.49074072,09 Annalise Peters,1,NA,NA,NA,09 Annalise Peters,NA,NA
"NASH @ DC",2024-04-14_10-03-45,DC,"NASH",4/14/2024 12:08,18,2,0,0,0.13888887,0.7148148,26 Jessica Sourbeer,3,NA,NA,NA,01 Ashleigh Jentilet,NA,NA
"NASH @ DC",2024-04-14_10-03-45,DC,"NASH",4/14/2024 12:09,18,3,0,0,0.21527773,0.5611111,24 Jamie Eriksson,6,NA,NA,NA,26 Jessica Sourbeer,NA,NA
"NASH @ DC",2024-04-14_10-03-45,DC,"NASH",4/14/2024 12:11,18,4,0,1,0.4944444,0.4685185,36 Carolyn Normile,13,22 Erin McCann,26 Jessica Sourbeer,06 Laureen Johnson,NA,NA,NA
"NASH @ DC",2024-04-14_10-03-45,DC,"NASH",4/14/2024 12:15,19,1,0,1,0.7930556,0.39876544,66 Jackie Wang,3,13 Sami Smalling,37 Claire Trop,07 Kami Groom,NA,NA,NA
"NASH @ DC",2024-04-14_10-03-45,DC,"NASH",4/14/2024 12:16,20,1,0,0,0.2097222,0.48703703,16 Margaret Walker,3,NA,NA,NA,21 Jess Oh,NA,NA
"NASH @ DC",2024-04-14_10-03-45,DC,"NASH",4/14/2024 12:18,20,2,0,1,0.2847222,0.43086419,23 Lisa Dang,3,08 Kathryn Ritzman,21 Jess Oh,05 Marie Perivier,NA,NA,NA
"NASH @ DC",2024-04-14_10-03-45,DC,"NASH",4/14/2024 12:21,21,1,0,0,0.39393944,0.6166565,36 Carolyn Normile,1,NA,NA,NA,36 Carolyn Normile,NA,NA
"NASH @ DC",2024-04-14_10-03-45,DC,"NASH",4/14/2024 12:22,21,2,0,0,0.52916664,0.24320988,01 Ashleigh Jentilet,3,NA,NA,NA,01 Ashleigh Jentilet,NA,NA
"NASH @ DC",2024-04-14_10-03-45,DC,"NASH",4/14/2024 12:36,22,1,0,0,0.21111113,0.7938272,66 Jackie Wang,6,NA,NA,NA,42 Lisi Lohre,NA,NA
"NASH @ DC",2024-04-14_10-03-45,DC,"NASH",4/14/2024 12:38,22,2,0,1,0.7569445,0.3462963,13 Sami Smalling,1,NA,13 Sami Smalling,66 Jackie Wang,NA,NA,NA
"NASH @ DC",2024-04-14_10-03-45,DC,"NASH",4/14/2024 12:39,23,1,0,1,0.3972222,0.45864198,16 Margaret Walker,7,37 Claire Trop,16 Margaret Walker,21 Jess Oh,NA,NA,NA
"NASH @ DC",2024-04-14_10-03-45,DC,"NASH",4/14/2024 12:45,25,1,1,1,0.5,0.48641974,13 Sami Smalling,3,07 Kami Groom,04 Ellen Mueller,15 Florence Brooks,NA,NA,NA
"NASH @ DC",2024-04-14_10-03-45,DC,"NASH",4/14/2024 12:50,26,1,0,1,0.4875,0.7037037,23 Lisa Dang,5,21 Jess Oh,05 Marie Perivier,19 Allie Wallace,NA,NA,NA
"NASH @ DC",2024-04-14_10-03-45,DC,"NASH",4/14/2024 12:54,27,1,0,1,0.57916665,0.59876543,36 Carolyn Normile,3,26 Jessica Sourbeer,09 Annalise Peters,06 Laureen Johnson,NA,NA,NA
"NASH @ DC",2024-04-14_10-03-45,DC,"NASH",4/14/2024 12:58,29,1,1,1,0.7263889,0.7271605,23 Lisa Dang,6,08 Kathryn Ritzman,16 Margaret Walker,05 Marie Perivier,NA,NA,NA
"NASH @ DC",2024-04-14_10-03-45,DC,"NASH",4/14/2024 13:01,30,1,0,1,0.39722225,0.44135803,09 Annalise Peters,6,09 Annalise Peters,26 Jessica Sourbeer,01 Ashleigh Jentilet,NA,NA,NA
"NASH @ DC",2024-04-14_10-03-45,DC,"NASH",4/14/2024 13:04,31,1,0,0,0.6069444,0.75,66 Jackie Wang,8,NA,NA,NA,07 Kami Groom,NA,NA
"NASH @ DC",2024-04-13_19-00-00,"NASH",DC,2024-04-14 20:36:21,1,1,0,0,0.94027776,0.8358025,45 Sylvia Brown,2,NA,NA,NA,17 Rachel Barr,NA,NA
"NASH @ DC",2024-04-13_19-00-00,"NASH",DC,2024-04-14 20:41:41,2,1,1,1,0.72083336,0.67530864,27 Katharine Gilbert,16,08 Grace Robinson,27 Katharine Gilbert,10 Tori Taylor,NA,NA,NA
"NASH @ DC",2024-04-13_19-00-00,"NASH",DC,2024-04-14 20:45:29,3,1,0,0,0.325,0.82222223,24 Mia Letterie,5,NA,NA,NA,16 Emily Branson,NA,NA
"NASH @ DC",2024-04-13_19-00-00,"NASH",DC,2024-04-14 20:50:00,4,1,1,0,0.35,0.6981482,16 Emily Branson,6,NA,NA,NA,NA,10 Tori Taylor,NA
"NASH @ DC",2024-04-13_19-00-00,"NASH",DC,2024-04-14 20:52:07,4,2,1,0,0.09583333,0.6148148,27 Katharine Gilbert,1,NA,NA,NA,NA,16 Emily Branson,NA
"NASH @ DC",2024-04-13_19-00-00,"NASH",DC,2024-04-14 20:53:46,5,1,1,0,0.48333332,0.6030864,45 Sylvia Brown,4,NA,NA,NA,45 Sylvia Brown,NA,NA
"NASH @ DC",2024-04-13_19-00-00,"NASH",DC,2024-04-14 20:55:27,6,1,1,0,0.74861115,0.5777778,27 Katharine Gilbert,7,NA,NA,NA,08 Grace Robinson,NA,NA
"NASH @ DC",2024-04-13_19-00-00,"NASH",DC,2024-04-14 20:57:08,6,2,1,0,0.69166666,0.57901233,27 Katharine Gilbert,12,NA,NA,NA,08 Grace Robinson,NA,NA
"NASH @ DC",2024-04-13_19-00-00,"NASH",DC,2024-04-14 21:00:46,7,1,1,0,0.6652777,0.7333333,24 Mia Letterie,2,NA,NA,NA,NA,04 Ashley West,NA
"NASH @ DC",2024-04-13_19-00-00,"NASH",DC,2024-04-14 21:01:22,7,2,1,0,0.41111106,0.8259259,82 Mary Turner,5,NA,NA,NA,82 Mary Turner,NA,NA
"NASH @ DC",2024-04-13_19-00-00,"NASH",DC,2024-04-14 21:04:12,7,3,1,1,0.17916666,0.29506174,45 Sylvia Brown,2,45 Sylvia Brown,21 Elena Rubino,07 Mary Cowart,NA,NA,NA
"NASH @ DC",2024-04-13_19-00-00,"NASH",DC,2024-04-14 21:06:05,8,1,1,0,0.3694444,0.8018518,27 Katharine Gilbert,3,NA,NA,NA,NA,08 Grace Robinson,NA
"NASH @ DC",2024-04-13_19-00-00,"NASH",DC,2024-04-14 21:07:37,8,2,1,0,0.9625,0.8160494,27 Katharine Gilbert,1,NA,NA,NA,27 Katharine Gilbert,NA,NA
"NASH @ DC",2024-04-13_19-00-00,"NASH",DC,2024-04-14 21:08:20,8,3,1,0,0.23611107,0.8358025,27 Katharine Gilbert,5,NA,NA,NA,16 Emily Branson,NA,NA
"NASH @ DC",2024-04-13_19-00-00,"NASH",DC,2024-04-14 21:11:38,9,1,1,0,0.7513889,0.6679012,24 Mia Letterie,2,NA,NA,NA,45 Sylvia Brown,NA,NA
"NASH @ DC",2024-04-13_19-00-00,"NASH",DC,2024-04-14 21:12:35,9,2,1,0,0.20138893,0.845679,24 Mia Letterie,7,NA,NA,NA,20 Noel Holmes,NA,NA
"NASH @ DC",2024-04-13_19-00-00,"NASH",DC,2024-04-14 21:17:37,10,1,1,0,0.32638887,0.79999995,16 Emily Branson,9,NA,NA,NA,27 Katharine Gilbert,NA,NA
"NASH @ DC",2024-04-13_19-00-00,"NASH",DC,2024-04-14 21:20:15,10,2,1,0,0.34583333,0.28518516,27 Katharine Gilbert,2,NA,NA,NA,72 Grace Castro,NA,NA
"NASH @ DC",2024-04-13_19-00-00,"NASH",DC,2024-04-14 21:20:43,10,3,1,1,0.0027777355,0.3802469,27 Katharine Gilbert,2,27 Katharine Gilbert,10 Tori Taylor,22 Rebecca Henley,NA,NA,NA
"NASH @ DC",2024-04-13_19-00-00,"NASH",DC,2024-04-14 21:24:15,11,1,0,0,0.65138894,0.841358,45 Sylvia Brown,3,NA,NA,NA,27 Katharine Gilbert,NA,NA
"NASH @ DC",2024-04-13_19-00-00,"NASH",DC,2024-04-14 21:31:04,12,1,1,0,0.48611107,0.75740737,16 Emily Branson,5,NA,NA,NA,72 Grace Castro,NA,NA
"NASH @ DC",2024-04-13_19-00-00,"NASH",DC,2024-04-14 21:33:26,13,1,1,0,0.7736111,0.6191358,24 Mia Letterie,3,NA,NA,NA,24 Mia Letterie,NA,NA
"NASH @ DC",2024-04-13_19-00-00,"NASH",DC,2024-04-14 21:34:23,13,2,1,0,0.5208333,0.8345679,45 Sylvia Brown,5,NA,NA,NA,21 Elena Rubino,NA,NA
"NASH @ DC",2024-04-13_19-00-00,"NASH",DC,2024-04-14 22:39:39,14,1,0,0,0.8152778,0.8253086,24 Mia Letterie,19,NA,NA,NA,24 Mia Letterie,NA,NA
"NASH @ DC",2024-04-13_19-00-00,"NASH",DC,2024-04-14 22:44:14,15,1,1,0,0.24583334,0.77469134,08 Grace Robinson,4,NA,NA,NA,16 Emily Branson,NA,NA
"NASH @ DC",2024-04-13_19-00-00,"NASH",DC,2024-04-14 22:46:47,16,1,1,0,0.51111114,0.7382716,24 Mia Letterie,4,NA,NA,NA,45 Sylvia Brown,NA,NA
"NASH @ DC",2024-04-13_19-00-00,"NASH",DC,2024-04-14 23:01:38,17,1,1,0,0.44027773,0.6320988,27 Katharine Gilbert,2,NA,NA,NA,82 Mary Turner,NA,NA
"NASH @ DC",2024-04-13_19-00-00,"NASH",DC,2024-04-14 23:02:23,17,2,1,0,0.20555553,0.8302469,10 Tori Taylor,3,NA,NA,NA,10 Tori Taylor,NA,NA
"NASH @ DC",2024-04-13_19-00-00,"NASH",DC,2024-04-14 23:03:43,17,3,1,0,0.73888886,0.8135803,82 Mary Turner,3,NA,NA,NA,10 Tori Taylor,NA,NA
"NASH @ DC",2024-04-13_19-00-00,"NASH",DC,2024-04-14 23:04:53,17,4,1,0,0.77777773,0.8308642,27 Katharine Gilbert,1,NA,NA,NA,27 Katharine Gilbert,NA,NA
"NASH @ DC",2024-04-13_19-00-00,"NASH",DC,2024-04-14 23:05:57,18,1,1,0,0.0375,0.62530863,04 Ashley West,3,NA,NA,NA,20 Noel Holmes,NA,NA
"NASH @ DC",2024-04-13_19-00-00,"NASH",DC,2024-04-14 23:08:12,19,1,1,0,0.825,0.7129629,45 Sylvia Brown,2,NA,NA,NA,NA,08 Grace Robinson,NA
"NASH @ DC",2024-04-13_19-00-00,"NASH",DC,2024-04-14 23:09:10,19,2,1,0,0.08611107,0.73888886,27 Katharine Gilbert,5,NA,NA,NA,08 Grace Robinson,NA,NA
"NASH @ DC",2024-04-13_19-00-00,"NASH",DC,2024-04-14 23:11:16,20,1,1,0,0.5069445,0.6746914,20 Noel Holmes,3,NA,NA,NA,77 Melissa Gronske,NA,NA
"NASH @ DC",2024-04-13_19-00-00,"NASH",DC,2024-04-14 23:13:01,20,2,1,0,0.6819445,0.79135805,24 Mia Letterie,2,NA,NA,NA,23 Breanna Snipes,NA,NA
"NASH @ DC",2024-04-13_19-00-00,"NASH",DC,2024-04-14 23:14:02,20,3,1,0,0.07222226,0.84444445,24 Mia Letterie,11,NA,NA,NA,NA,71 Mattea Swegles,NA
"NASH @ DC",2024-04-13_19-00-00,"NASH",DC,2024-04-14 23:20:12,21,1,1,0,0.6138889,0.641358,27 Katharine Gilbert,4,NA,NA,NA,27 Katharine Gilbert,NA,NA
"NASH @ DC",2024-04-13_19-00-00,"NASH",DC,2024-04-14 23:21:36,21,2,1,0,0.69305557,0.6283951,22 Rebecca Henley,4,NA,NA,NA,04 Ashley West,NA,NA
"NASH @ DC",2024-04-13_19-00-00,"NASH",DC,2024-04-14 23:23:13,22,1,1,0,0.19027774,0.75864196,24 Mia Letterie,1,NA,NA,NA,24 Mia Letterie,NA,NA
"NASH @ DC",2024-04-13_19-00-00,"NASH",DC,2024-04-14 23:23:52,23,1,1,1,0.78194445,0.6351852,20 Noel Holmes,10,20 Noel Holmes,21 Elena Rubino,45 Sylvia Brown,NA,NA,NA
"NASH @ DC",2024-04-13_19-00-00,"NASH",DC,2024-04-14 23:27:57,25,1,1,0,0.12638894,0.7012346,04 Ashley West,26,NA,NA,NA,08 Grace Robinson,NA,NA
"NASH @ DC",2024-04-13_19-00-00,"NASH",DC,2024-04-14 23:34:10,26,1,1,0,0.7819444,0.7148148,24 Mia Letterie,6,NA,NA,NA,45 Sylvia Brown,NA,NA
"NASH @ DC",2024-04-13_19-00-00,"NASH",DC,2024-04-14 23:36:40,27,1,1,1,0.50416666,0.6944445,08 Grace Robinson,18,82 Mary Turner,10 Tori Taylor,08 Grace Robinson,NA,NA,NA
"NASH @ DC",2024-04-13_19-00-00,"NASH",DC,2024-04-14 23:42:43,29,1,1,0,0.28333333,0.6469136,08 Grace Robinson,4,NA,NA,NA,10 Tori Taylor,NA,NA
"NASH @ DC",2024-04-13_19-00-00,"NASH",DC,2024-04-14 23:44:27,30,1,1,0,0.8972222,0.7012346,24 Mia Letterie,8,NA,NA,NA,45 Sylvia Brown,NA,NA
RAL @ ATL,2024-04-13_19-00-00,ATL,RAL,2024-04-16 08:09:35,2,1,1,0,0.90940523,0.7089736,29 Charlotte Doran,14,NA,NA,NA,NA,21 Samantha Li,NA
RAL @ ATL,2024-04-13_19-00-00,ATL,RAL,2024-04-16 08:19:03,3,1,1,0,0.76002765,0.7286417,29 Charlotte Doran,19,NA,NA,NA,NA,12 Emma Jaschke,NA
RAL @ ATL,2024-04-13_19-00-00,ATL,RAL,2024-04-16 08:37:05,4,1,1,0,0.17773168,0.7901045,31 María Vargas,3,NA,NA,NA,31 María Vargas,NA,NA
RAL @ ATL,2024-04-13_19-00-00,ATL,RAL,2024-04-16 08:48:23,5,1,1,0,0.7959889,0.66226184,42 Martha Wilber,3,NA,NA,NA,42 Martha Wilber,NA,NA
RAL @ ATL,2024-04-13_19-00-00,ATL,RAL,2024-04-16 08:51:56,6,1,1,0,0.44882435,0.6831592,18 Naomi Anderson,6,NA,NA,NA,18 Naomi Anderson,NA,NA
RAL @ ATL,2024-04-13_19-00-00,ATL,RAL,2024-04-16 08:54:29,6,2,1,1,0.41839558,0.16666667,10 Mia Griner,4,10 Mia Griner,31 María Vargas,10 Mia Griner,NA,NA,NA
RAL @ ATL,2024-04-13_19-00-00,ATL,RAL,2024-04-16 15:53:34,8,1,1,1,0.686722,0.691764,31 María Vargas,6,26 Morgan Lally,54 Liv Ford,10 Mia Griner,NA,NA,NA
RAL @ ATL,2024-04-13_19-00-00,ATL,RAL,2024-04-16 16:00:22,9,1,0,0,0.7268326,0.8362016,31 María Vargas,9,NA,NA,NA,18 Naomi Anderson,NA,NA
RAL @ ATL,2024-04-13_19-00-00,ATL,RAL,2024-04-16 16:28:34,10,1,1,1,0.5055325,0.6745544,42 Martha Wilber,11,03 Alex Krueger,51 Lilli Popovich,13 Hannah Abraham,NA,NA,NA
RAL @ ATL,2024-04-13_19-00-00,ATL,RAL,2024-04-16 16:43:36,12,1,1,0,0.49861687,0.6628765,08 Dani Ortiz,4,NA,NA,NA,29 Charlotte Doran,NA,NA
RAL @ ATL,2024-04-13_19-00-00,ATL,RAL,2024-04-16 16:52:14,13,1,1,0,0.5013831,0.6573448,31 María Vargas,11,NA,NA,NA,26 Morgan Lally,NA,NA
RAL @ ATL,2024-04-13_19-00-00,ATL,RAL,2024-04-16 16:56:04,14,1,1,0,0.4944675,0.67578363,42 Martha Wilber,4,NA,NA,NA,03 Alex Krueger,NA,NA
RAL @ ATL,2024-04-13_19-00-00,ATL,RAL,2024-04-16 17:11:44,15,1,1,0,0.49861687,0.91979104,31 María Vargas,8,NA,NA,NA,03 Alex Krueger,NA,NA
RAL @ ATL,2024-04-13_19-00-00,ATL,RAL,2024-04-16 17:13:27,15,2,1,1,0.5650069,0.26767057,10 Mia Griner,1,NA,10 Mia Griner,72 Annalise Paul,NA,NA,NA
RAL @ ATL,2024-04-13_19-00-00,ATL,RAL,2024-04-16 17:15:43,17,1,1,0,0.5013831,0.50860476,72 Annalise Paul,2,NA,NA,NA,27 Therese Doebler,NA,NA
RAL @ ATL,2024-04-13_19-00-00,ATL,RAL,2024-04-16 17:18:11,18,1,1,0,0.26071924,0.7513829,42 Martha Wilber,17,NA,NA,NA,NA,05 Megan Jarriel,NA
RAL @ ATL,2024-04-13_19-00-00,ATL,RAL,2024-04-16 17:23:17,19,1,1,1,0.031120332,0.76982176,10 Mia Griner,10,26 Morgan Lally,42 Martha Wilber,51 Lilli Popovich,NA,NA,NA
RAL @ ATL,2024-04-13_19-00-00,ATL,RAL,2024-04-16 17:29:30,20,1,0,0,0.26763487,0.8362016,29 Charlotte Doran,6,NA,NA,NA,31 María Vargas,NA,NA
RAL @ ATL,2024-04-13_19-00-00,ATL,RAL,2024-04-16 18:05:26,20,2,0,1,0.9301521,0.17363246,31 María Vargas,1,NA,31 María Vargas,42 Martha Wilber,NA,NA,NA
RAL @ ATL,2024-04-13_19-00-00,ATL,RAL,2024-04-17 00:00:35,21,1,0,0,0.10165975,0.7944069,72 Annalise Paul,1,NA,NA,NA,72 Annalise Paul,NA,NA
RAL @ ATL,2024-04-13_19-00-00,ATL,RAL,2024-04-17 00:14:54,22,1,1,1,0.49308437,0.47910264,29 Charlotte Doran,10,05 Megan Jarriel,08 Dani Ortiz,21 Samantha Li,NA,NA,NA
RAL @ ATL,2024-04-13_19-00-00,ATL,RAL,2024-04-17 00:21:18,24,1,1,1,0.5069156,0.7028273,08 Dani Ortiz,11,42 Martha Wilber,08 Dani Ortiz,42 Martha Wilber,NA,NA,NA
RAL @ ATL,2024-04-13_19-00-00,ATL,RAL,2024-04-17 00:25:30,25,1,0,0,0.08506224,0.7550707,55 Trystan Grzyll,2,NA,NA,NA,18 Naomi Anderson,NA,NA
RAL @ ATL,2024-04-13_19-00-00,ATL,RAL,2024-04-17 00:28:21,25,2,0,0,0.10027663,0.76490474,54 Liv Ford,11,NA,NA,NA,44 Jordan Harn,NA,NA
RAL @ ATL,2024-04-13_19-00-00,ATL,RAL,2024-04-17 00:32:12,25,3,0,0,0.7517289,0.7028273,18 Naomi Anderson,1,NA,NA,NA,18 Naomi Anderson,NA,NA
RAL @ ATL,2024-04-13_19-00-00,ATL,RAL,2024-04-17 02:12:46,25,4,0,0,0.64246196,0.6942225,42 Martha Wilber,1,NA,NA,NA,42 Martha Wilber,NA,NA
RAL @ ATL,2024-04-13_19-00-00,ATL,RAL,2024-04-17 02:13:58,25,5,0,0,0.9979253,0.79748005,29 Charlotte Doran,4,NA,NA,NA,42 Martha Wilber,NA,NA
RAL @ ATL,2024-04-13_19-00-00,ATL,RAL,2024-04-17 02:15:51,25,6,0,0,0.06708161,0.38076213,31 María Vargas,7,NA,NA,NA,87 Christina Marsciano,NA,NA
RAL @ ATL,2024-04-13_19-00-00,ATL,RAL,2024-04-17 02:18:55,25,7,0,1,0.6355463,0.6198525,29 Charlotte Doran,4,26 Morgan Lally,42 Martha Wilber,51 Lilli Popovich,NA,NA,NA
RAL @ ATL,2024-04-13_19-00-00,ATL,RAL,2024-04-17 02:31:59,27,1,1,1,0.49861687,0.69483715,21 Samantha Li,9,12 Emma Jaschke,42 Martha Wilber,75 Sarah Kingsley-Hart,NA,NA,NA
RAL @ ATL,2024-04-13_19-00-00,ATL,RAL,2024-04-17 02:38:35,28,1,0,0,0.014522822,0.33958206,54 Liv Ford,7,NA,NA,NA,42 Martha Wilber,NA,NA
RAL @ ATL,2024-04-13_19-00-00,ATL,RAL,2024-04-17 02:42:45,28,2,0,0,0.2538036,0.75199753,54 Liv Ford,3,NA,NA,NA,NA,51 Lilli Popovich,NA
RAL @ ATL,2024-04-13_19-00-00,ATL,RAL,2024-04-17 02:44:54,28,3,0,1,0.06846473,0.17424709,29 Charlotte Doran,1,NA,29 Charlotte Doran,42 Martha Wilber,NA,NA,NA
RAL @ ATL,2024-04-13_19-00-00,ATL,RAL,2024-04-17 02:48:08,29,1,1,0,0.57883817,0.6899201,21 Samantha Li,4,NA,NA,NA,03 Alex Krueger,NA,NA
RAL @ ATL,2024-04-13_19-00-00,ATL,RAL,2024-04-17 02:49:04,29,2,1,0,0.8167358,0.8386601,08 Dani Ortiz,10,NA,NA,NA,08 Dani Ortiz,NA,NA
RAL @ ATL,2024-04-13_19-00-00,ATL,RAL,2024-04-17 02:53:11,29,3,1,0,0.3340249,0.36355254,29 Charlotte Doran,7,NA,NA,NA,08 Dani Ortiz,NA,NA
RAL @ ATL,2024-04-13_19-00-00,ATL,RAL,2024-04-17 02:55:03,30,1,1,0,0.2856155,0.70712966,18 Naomi Anderson,1,NA,NA,NA,18 Naomi Anderson,NA,NA
RAL @ ATL,2024-04-13_19-00-00,ATL,RAL,2024-04-17 02:55:43,30,2,1,0,0.86791146,0.840504,10 Mia Griner,6,NA,NA,NA,10 Mia Griner,NA,NA
RAL @ ATL,2024-04-13_19-00-00,ATL,RAL,2024-04-17 02:58:53,30,3,1,0,0.8817427,0.787646,18 Naomi Anderson,3,NA,NA,NA,18 Naomi Anderson,NA,NA
RAL @ ATL,2024-04-13_19-00-00,ATL,RAL,2024-04-17 03:01:27,31,1,1,0,0.20124482,0.7028273,21 Samantha Li,3,NA,NA,NA,03 Alex Krueger,NA,NA
RAL @ ATL,2024-04-13_19-00-00,ATL,RAL,2024-04-17 03:03:48,32,1,1,0,0.5041494,0.6659496,31 María Vargas,2,NA,NA,NA,18 Naomi Anderson,NA,NA
RAL @ ATL,2024-04-13_19-00-00,ATL,RAL,2024-04-17 03:08:03,33,1,1,0,0.07676349,0.65611553,42 Martha Wilber,3,NA,NA,NA,NA,51 Lilli Popovich,NA
RAL @ ATL,2024-04-13_19-00-00,ATL,RAL,2024-04-17 03:09:26,33,2,1,0,0.053250346,0.38014752,54 Liv Ford,7,NA,NA,NA,29 Charlotte Doran,NA,NA
NY @ PORT,2024-04-20_18-00-00,NY,PORT,4/25/2024 12:54,1,1,0,1,0.47292724,0.74390244,33 Valeria Cardenas,5,08 Manuela Cardenas,09 Cassandra Brown,88 Nikki Hair,NA,NA,NA
NY @ PORT,2024-04-20_18-00-00,NY,PORT,4/25/2024 12:59,2,1,0,0,0.5101523,0.64008754,09 Cassandra Brown,2,NA,NA,NA,62 Casey Banta-Ryan,NA,NA
NY @ PORT,2024-04-20_18-00-00,NY,PORT,4/25/2024 13:02,3,1,1,0,0.4543147,0.76954347,33 Valeria Cardenas,4,NA,NA,NA,NA,96 Nina Finley,NA
NY @ PORT,2024-04-20_18-00-00,NY,PORT,4/25/2024 13:06,4,1,1,1,0.7250423,0.6300813,33 Valeria Cardenas,6,33 Valeria Cardenas,20 Yina Cartagena,00 Genny De Jesus,NA,NA,NA
NY @ PORT,2024-04-20_18-00-00,NY,PORT,4/25/2024 13:11,6,1,1,0,0.6996616,0.6913696,33 Valeria Cardenas,4,NA,NA,NA,66 Janine Hlavaty,NA,NA
NY @ PORT,2024-04-20_18-00-00,NY,PORT,4/25/2024 13:13,6,2,1,1,0.7538071,0.6882427,20 Yina Cartagena,11,00 Genny De Jesus,33 Valeria Cardenas,20 Yina Cartagena,NA,NA,NA
NY @ PORT,2024-04-20_18-00-00,NY,PORT,4/25/2024 13:16,7,1,0,0,0.79780036,0.82645404,09 Cassandra Brown,6,NA,NA,NA,31 Eli Presberg,NA,NA
NY @ PORT,2024-04-20_18-00-00,NY,PORT,4/25/2024 13:20,7,2,0,1,0.74027073,0.38555348,09 Cassandra Brown,3,31 Eli Presberg,88 Nikki Hair,09 Cassandra Brown,NA,NA,NA
NY @ PORT,2024-04-20_18-00-00,NY,PORT,4/25/2024 13:23,8,0,0,0,0.84856176,0.5838024,31 Eli Presberg,0,NA,NA,NA,NA,NA,NA
NY @ PORT,2024-04-20_18-00-00,NY,PORT,4/25/2024 13:25,9,1,1,0,0.30033842,0.6907442,96 Nina Finley,2,NA,NA,NA,33 Valeria Cardenas,NA,NA
NY @ PORT,2024-04-20_18-00-00,NY,PORT,4/25/2024 13:27,9,2,1,1,0,0.815197,20 Yina Cartagena,10,23 Linnea Soo,02 Jolene Zheng,66 Janine Hlavaty,NA,NA,NA
NY @ PORT,2024-04-20_18-00-00,NY,PORT,4/25/2024 13:32,11,1,1,0,0.28680202,0.6957473,33 Valeria Cardenas,10,NA,NA,NA,NA,96 Nina Finley,NA
NY @ PORT,2024-04-20_18-00-00,NY,PORT,4/25/2024 13:36,11,2,1,0,0.11252115,0.7188868,20 Yina Cartagena,10,NA,NA,NA,33 Valeria Cardenas,NA,NA
NY @ PORT,2024-04-20_18-00-00,NY,PORT,4/25/2024 13:38,11,3,1,0,0.90947545,0.47060663,96 Nina Finley,12,NA,NA,NA,66 Janine Hlavaty,NA,NA
NY @ PORT,2024-04-20_18-00-00,NY,PORT,4/25/2024 13:41,11,4,1,0,0.88578683,0.565666,20 Yina Cartagena,4,NA,NA,NA,20 Yina Cartagena,NA,NA
NY @ PORT,2024-04-20_18-00-00,NY,PORT,4/25/2024 13:44,12,1,1,0,0.5219966,0.6319575,09 Cassandra Brown,11,NA,NA,NA,23 Linnea Soo,NA,NA
NY @ PORT,2024-04-20_18-00-00,NY,PORT,4/25/2024 13:46,12,2,1,1,0.79949236,0.81707317,09 Cassandra Brown,14,19 Eastelle Ding,09 Cassandra Brown,31 Eli Presberg,NA,NA,NA
NY @ PORT,2024-04-20_18-00-00,NY,PORT,4/25/2024 13:53,13,1,0,1,0.04145516,0.5268918,09 Cassandra Brown,1,NA,09 Cassandra Brown,19 Eastelle Ding,NA,NA,NA
NY @ PORT,2024-04-20_18-00-00,NY,PORT,4/25/2024 13:55,14,1,0,0,0.44923857,0.6081926,33 Valeria Cardenas,3,NA,NA,NA,33 Valeria Cardenas,NA,NA
NY @ PORT,2024-04-20_18-00-00,NY,PORT,4/25/2024 13:58,14,2,0,0,0.45093063,0.26547843,31 Eli Presberg,1,NA,NA,NA,NA,65 Anna Lieberman,NA
NY @ PORT,2024-04-20_18-00-00,NY,PORT,4/25/2024 13:59,14,3,0,0,0.73519456,0.81832397,33 Valeria Cardenas,13,NA,NA,NA,33 Valeria Cardenas,09 Cassandra Brown,NA
NY @ PORT,2024-04-20_18-00-00,NY,PORT,4/25/2024 14:04,15,1,1,1,0.36294416,0.5931832,20 Yina Cartagena,7,20 Yina Cartagena,23 Linnea Soo,33 Valeria Cardenas,NA,NA,NA
NY @ PORT,2024-04-20_18-00-00,NY,PORT,4/25/2024 14:07,16,1,0,0,0.7318105,0.8164478,31 Eli Presberg,13,NA,NA,NA,33 Valeria Cardenas,NA,NA
NY @ PORT,2024-04-20_18-00-00,NY,PORT,4/25/2024 14:14,17,1,1,1,0.7791878,0.66572857,33 Valeria Cardenas,9,96 Nina Finley,33 Valeria Cardenas,66 Janine Hlavaty,NA,NA,NA
NY @ PORT,2024-04-20_18-00-00,NY,PORT,4/25/2024 14:16,18,1,0,1,0.54737735,0.81582236,31 Eli Presberg,4,31 Eli Presberg,33 Valeria Cardenas,88 Nikki Hair,NA,NA,NA
NY @ PORT,2024-04-20_18-00-00,NY,PORT,4/25/2024 14:21,20,1,1,1,0.42724195,0.7276423,33 Valeria Cardenas,20,96 Nina Finley,20 Yina Cartagena,08 Manuela Cardenas,NA,NA,NA
NY @ PORT,2024-04-20_18-00-00,NY,PORT,4/25/2024 14:25,21,1,1,1,0.26649746,0.6094434,33 Valeria Cardenas,1,NA,33 Valeria Cardenas,20 Yina Cartagena,NA,NA,NA
NY @ PORT,2024-04-20_18-00-00,NY,PORT,4/25/2024 14:27,22,1,0,1,0.20389171,0.74515325,33 Valeria Cardenas,10,65 Anna Lieberman,09 Cassandra Brown,19 Eastelle Ding,NA,NA,NA
NY @ PORT,2024-04-20_18-00-00,NY,PORT,4/25/2024 14:30,23,1,0,0,0.51692045,0.43621013,09 Cassandra Brown,6,NA,NA,NA,09 Cassandra Brown,NA,NA
NY @ PORT,2024-04-20_18-00-00,NY,PORT,4/25/2024 14:31,23,2,0,1,0.43401015,0.749531,31 Eli Presberg,8,33 Valeria Cardenas,08 Manuela Cardenas,62 Casey Banta-Ryan,NA,NA,NA
NY @ PORT,2024-04-20_18-00-00,NY,PORT,4/25/2024 14:36,24,1,0,0,0.39170897,0.82332706,20 Yina Cartagena,1,NA,NA,NA,NA,23 Linnea Soo,NA
NY @ PORT,2024-04-20_18-00-00,NY,PORT,4/25/2024 14:37,25,1,1,0,0.79103214,0.66260165,96 Nina Finley,1,NA,NA,NA,96 Nina Finley,33 Valeria Cardenas,NA
NY @ PORT,2024-04-20_18-00-00,NY,PORT,4/25/2024 14:40,26,1,1,1,0.5270728,0.72701687,96 Nina Finley,8,96 Nina Finley,09 Cassandra Brown,23 Linnea Soo,NA,NA,NA
NY @ PORT,2024-04-20_18-00-00,NY,PORT,4/25/2024 14:42,27,1,0,0,0.48984772,0.83083177,08 Manuela Cardenas,2,NA,NA,NA,NA,31 Eli Presberg,NA
NY @ PORT,2024-04-20_18-00-00,NY,PORT,4/25/2024 14:43,27,2,0,0,0.535533,0.5950594,09 Cassandra Brown,9,NA,NA,NA,09 Cassandra Brown,NA,NA
NY @ PORT,2024-04-20_18-00-00,NY,PORT,4/25/2024 14:46,28,1,1,0,0.6319797,0.71013135,33 Valeria Cardenas,6,NA,NA,NA,02 Jolene Zheng,NA,NA
NY @ PORT,2024-04-20_18-00-00,NY,PORT,4/25/2024 14:48,28,2,1,1,0.20219967,0.31613508,00 Genny De Jesus,2,00 Genny De Jesus,20 Yina Cartagena,00 Genny De Jesus,NA,NA,NA
NY @ PORT,2024-04-20_18-00-00,NY,PORT,4/25/2024 14:52,30,1,1,0,0.78426397,0.72076297,33 Valeria Cardenas,11,NA,NA,NA,23 Linnea Soo,NA,NA
